step,susceptible_status,infected_status,filtermean_virulence,ensemble,mutation_rate,virulence_init,total_infected
668,1.0,0.0,NaN,1,0.0,1.0,26.0
638,1.0,0.0,NaN,2,0.0,1.1,24.0
760,1.0,0.0,NaN,3,0.0,1.2,49.0
1288,1.0,0.0,NaN,4,0.0,1.3,81.0
1163,1.0,0.0,NaN,5,0.0,1.4,63.0
147,1.0,0.0,NaN,6,0.0,1.5,11.0
680,1.0,0.0,NaN,7,0.0,1.6,34.0
599,1.0,0.0,NaN,8,0.0,1.7,27.0
269,1.0,0.0,NaN,9,0.0,1.8,14.0
468,1.0,0.0,NaN,10,0.0,1.9,39.0
1192,1.0,0.0,NaN,11,0.0,2.0,106.0
209,1.0,0.0,NaN,12,0.4,1.0,17.0
20000,0.8974651871192341,0.10253481288076588,0.05814692541062112,13,0.4,1.1,25706.0
163,1.0,0.0,NaN,14,0.4,1.2,15.0
702,1.0,0.0,NaN,15,0.4,1.3,20.0
1907,1.0,0.0,NaN,16,0.4,1.4,120.0
483,1.0,0.0,NaN,17,0.4,1.5,22.0
405,1.0,0.0,NaN,18,0.4,1.6,15.0
846,1.0,0.0,NaN,19,0.4,1.7,72.0
741,1.0,0.0,NaN,20,0.4,1.8,33.0
726,1.0,0.0,NaN,21,0.4,1.9,29.0
699,1.0,0.0,NaN,22,0.4,2.0,42.0
1072,1.0,0.0,NaN,23,0.8,1.0,52.0
777,1.0,0.0,NaN,24,0.8,1.1,23.0
20000,0.9157108281595285,0.08428917184047142,0.06422917517354908,25,0.8,1.2,24551.0
1426,1.0,0.0,NaN,26,0.8,1.3,68.0
20000,0.9217517642175176,0.07824823578248236,0.0691324877948592,27,0.8,1.4,24161.0
20000,0.9202979327117957,0.0797020672882043,0.0683229301020535,28,0.8,1.5,24078.0
20000,0.9211324050762986,0.07886759492370138,0.07073887616171705,29,0.8,1.6,24101.0
813,1.0,0.0,NaN,30,0.8,1.7,28.0
896,1.0,0.0,NaN,31,0.8,1.8,42.0
20000,0.9156166675380353,0.08438333246196476,0.06707840343671123,32,0.8,1.9,24692.0
1040,1.0,0.0,NaN,33,0.8,2.0,62.0
1090,1.0,0.0,NaN,34,0.0,1.0,53.0
197,1.0,0.0,NaN,35,0.0,1.1,17.0
391,1.0,0.0,NaN,36,0.0,1.2,18.0
767,1.0,0.0,NaN,37,0.0,1.3,44.0
705,1.0,0.0,NaN,38,0.0,1.4,29.0
228,1.0,0.0,NaN,39,0.0,1.5,17.0
1127,1.0,0.0,NaN,40,0.0,1.6,30.0
525,1.0,0.0,NaN,41,0.0,1.7,23.0
1016,1.0,0.0,NaN,42,0.0,1.8,32.0
675,1.0,0.0,NaN,43,0.0,1.9,41.0
677,1.0,0.0,NaN,44,0.0,2.0,17.0
1293,1.0,0.0,NaN,45,0.4,1.0,43.0
496,1.0,0.0,NaN,46,0.4,1.1,44.0
20000,0.8924015219337511,0.10759847806624888,0.05982996687328221,47,0.4,1.2,26048.0
377,1.0,0.0,NaN,48,0.4,1.3,18.0
312,1.0,0.0,NaN,49,0.4,1.4,20.0
470,1.0,0.0,NaN,50,0.4,1.5,31.0
445,1.0,0.0,NaN,51,0.4,1.6,17.0
20000,0.8947116152740054,0.10528838472599457,0.06528854030623563,52,0.4,1.7,25079.0
1556,1.0,0.0,NaN,53,0.4,1.8,44.0
2956,1.0,0.0,NaN,54,0.4,1.9,113.0
982,1.0,0.0,NaN,55,0.4,2.0,30.0
2802,1.0,0.0,NaN,56,0.8,1.0,94.0
20000,0.9204516162293138,0.07954838377068618,0.06508741615578376,57,0.8,1.1,24596.0
828,1.0,0.0,NaN,58,0.8,1.2,43.0
379,1.0,0.0,NaN,59,0.8,1.3,13.0
20000,0.9217613721851647,0.07823862781483525,0.07254750019866055,60,0.8,1.4,23414.0
490,1.0,0.0,NaN,61,0.8,1.5,37.0
983,1.0,0.0,NaN,62,0.8,1.6,44.0
20000,0.9148163519402366,0.08518364805976343,0.06981515595115376,63,0.8,1.7,24490.0
128,1.0,0.0,NaN,64,0.8,1.8,11.0
1630,1.0,0.0,NaN,65,0.8,1.9,81.0
643,1.0,0.0,NaN,66,0.8,2.0,29.0
637,1.0,0.0,NaN,67,0.0,1.0,28.0
451,1.0,0.0,NaN,68,0.0,1.1,21.0
400,1.0,0.0,NaN,69,0.0,1.2,26.0
727,1.0,0.0,NaN,70,0.0,1.3,37.0
301,1.0,0.0,NaN,71,0.0,1.4,20.0
328,1.0,0.0,NaN,72,0.0,1.5,20.0
792,1.0,0.0,NaN,73,0.0,1.6,21.0
1401,1.0,0.0,NaN,74,0.0,1.7,82.0
579,1.0,0.0,NaN,75,0.0,1.8,31.0
1034,1.0,0.0,NaN,76,0.0,1.9,72.0
1239,1.0,0.0,NaN,77,0.0,2.0,86.0
377,1.0,0.0,NaN,78,0.4,1.0,32.0
20000,0.8972220746799808,0.10277792532001913,0.06220780331415785,79,0.4,1.1,25120.0
20000,0.8929867943389278,0.10701320566107224,0.061338293807218544,80,0.4,1.2,25139.0
6549,1.0,0.0,NaN,81,0.4,1.3,227.0
594,1.0,0.0,NaN,82,0.4,1.4,32.0
198,1.0,0.0,NaN,83,0.4,1.5,17.0
20000,0.917203660583744,0.08279633941625603,0.05638231548064184,84,0.4,1.6,24679.0
392,1.0,0.0,NaN,85,0.4,1.7,22.0
422,1.0,0.0,NaN,86,0.4,1.8,23.0
972,1.0,0.0,NaN,87,0.4,1.9,74.0
705,1.0,0.0,NaN,88,0.4,2.0,42.0
20000,0.9168505462569291,0.08314945374307088,0.06126685806806191,89,0.8,1.0,24970.0
20000,0.901722057694417,0.09827794230558298,0.0599440196588462,90,0.8,1.1,25476.0
20000,0.913090571487518,0.08690942851248194,0.06842682272159546,91,0.8,1.2,24601.0
1559,1.0,0.0,NaN,92,0.8,1.3,39.0
20000,0.9162465274205165,0.08375347257948348,0.0726049242488428,93,0.8,1.4,24061.0
20000,0.9166407465007776,0.0833592534992224,0.067549999701068,94,0.8,1.5,24322.0
20000,0.9101395838820121,0.08986041611798788,0.06984069038251974,95,0.8,1.6,24520.0
20000,0.9182309076883518,0.08176909231164824,0.06746780376430954,96,0.8,1.7,24289.0
222,1.0,0.0,NaN,97,0.8,1.8,12.0
20000,0.9041655750589468,0.09583442494105318,0.06893244611907935,98,0.8,1.9,24749.0
279,1.0,0.0,NaN,99,0.8,2.0,14.0
854,1.0,0.0,NaN,100,0.0,1.0,77.0
258,1.0,0.0,NaN,101,0.0,1.1,15.0
851,1.0,0.0,NaN,102,0.0,1.2,47.0
715,1.0,0.0,NaN,103,0.0,1.3,45.0
1252,1.0,0.0,NaN,104,0.0,1.4,46.0
536,1.0,0.0,NaN,105,0.0,1.5,34.0
114,1.0,0.0,NaN,106,0.0,1.6,11.0
169,1.0,0.0,NaN,107,0.0,1.7,13.0
456,1.0,0.0,NaN,108,0.0,1.8,26.0
844,1.0,0.0,NaN,109,0.0,1.9,36.0
520,1.0,0.0,NaN,110,0.0,2.0,19.0
684,1.0,0.0,NaN,111,0.4,1.0,40.0
669,1.0,0.0,NaN,112,0.4,1.1,27.0
423,1.0,0.0,NaN,113,0.4,1.2,16.0
763,1.0,0.0,NaN,114,0.4,1.3,61.0
922,1.0,0.0,NaN,115,0.4,1.4,47.0
183,1.0,0.0,NaN,116,0.4,1.5,15.0
20000,0.9041422572450619,0.09585774275493805,0.060186574772471996,117,0.4,1.6,24518.0
20000,0.9072013093289689,0.0927986906710311,0.060662426535848024,118,0.4,1.7,25286.0
240,1.0,0.0,NaN,119,0.4,1.8,18.0
684,1.0,0.0,NaN,120,0.4,1.9,31.0
190,1.0,0.0,NaN,121,0.4,2.0,11.0
260,1.0,0.0,NaN,122,0.8,1.0,16.0
20000,0.9256018612178839,0.07439813878211612,0.06493974356184398,123,0.8,1.1,23935.0
20000,0.9024325472700234,0.09756745272997663,0.06644288748987283,124,0.8,1.2,24797.0
882,1.0,0.0,NaN,125,0.8,1.3,27.0
1048,1.0,0.0,NaN,126,0.8,1.4,39.0
20000,0.9036376644103241,0.09636233558967586,0.06350703701127794,127,0.8,1.5,25649.0
20000,0.9136822773186409,0.08631772268135904,0.06550695440825487,128,0.8,1.6,24235.0
20000,0.914487079091621,0.08551292090837902,0.06742585187490595,129,0.8,1.7,24279.0
20000,0.9120716139626039,0.08792838603739604,0.07092595282222083,130,0.8,1.8,24727.0
1675,1.0,0.0,NaN,131,0.8,1.9,62.0
1504,1.0,0.0,NaN,132,0.8,2.0,89.0
588,1.0,0.0,NaN,133,0.0,1.0,47.0
683,1.0,0.0,NaN,134,0.0,1.1,40.0
660,1.0,0.0,NaN,135,0.0,1.2,36.0
1548,1.0,0.0,NaN,136,0.0,1.3,72.0
323,1.0,0.0,NaN,137,0.0,1.4,19.0
415,1.0,0.0,NaN,138,0.0,1.5,24.0
775,1.0,0.0,NaN,139,0.0,1.6,27.0
1734,1.0,0.0,NaN,140,0.0,1.7,49.0
445,1.0,0.0,NaN,141,0.0,1.8,21.0
643,1.0,0.0,NaN,142,0.0,1.9,35.0
730,1.0,0.0,NaN,143,0.0,2.0,21.0
20000,0.9015597562235306,0.09844024377646937,0.06177796375846733,144,0.4,1.0,24676.0
2539,1.0,0.0,NaN,145,0.4,1.1,133.0
287,1.0,0.0,NaN,146,0.4,1.2,13.0
20000,0.9128138075313807,0.08718619246861925,0.06045339295872216,147,0.4,1.3,24828.0
327,1.0,0.0,NaN,148,0.4,1.4,19.0
434,1.0,0.0,NaN,149,0.4,1.5,22.0
20000,0.9079757831008161,0.092024216899184,0.0643034129543073,150,0.4,1.6,24549.0
323,1.0,0.0,NaN,151,0.4,1.7,35.0
1845,1.0,0.0,NaN,152,0.4,1.8,71.0
257,1.0,0.0,NaN,153,0.4,1.9,18.0
20000,0.896791671093169,0.10320832890683097,0.060511007329845753,154,0.4,2.0,25252.0
227,1.0,0.0,NaN,155,0.8,1.0,13.0
182,1.0,0.0,NaN,156,0.8,1.1,12.0
250,1.0,0.0,NaN,157,0.8,1.2,15.0
20000,0.8674240335300282,0.13257596646997188,0.07001942587839131,158,0.8,1.3,26317.0
20000,0.919732968881413,0.08026703111858705,0.06452251558199197,159,0.8,1.4,24417.0
836,1.0,0.0,NaN,160,0.8,1.5,35.0
408,1.0,0.0,NaN,161,0.8,1.6,14.0
20000,0.9163640136972087,0.08363598630279133,0.06724818752460608,162,0.8,1.7,24434.0
981,1.0,0.0,NaN,163,0.8,1.8,47.0
20000,0.9278450610659716,0.07215493893402831,0.06535905012127638,164,0.8,1.9,23605.0
683,1.0,0.0,NaN,165,0.8,2.0,28.0
354,1.0,0.0,NaN,166,0.0,1.0,15.0
1502,1.0,0.0,NaN,167,0.0,1.1,62.0
1010,1.0,0.0,NaN,168,0.0,1.2,59.0
577,1.0,0.0,NaN,169,0.0,1.3,29.0
526,1.0,0.0,NaN,170,0.0,1.4,29.0
1221,1.0,0.0,NaN,171,0.0,1.5,105.0
560,1.0,0.0,NaN,172,0.0,1.6,27.0
374,1.0,0.0,NaN,173,0.0,1.7,21.0
323,1.0,0.0,NaN,174,0.0,1.8,20.0
456,1.0,0.0,NaN,175,0.0,1.9,23.0
348,1.0,0.0,NaN,176,0.0,2.0,20.0
20000,0.8865446333055985,0.11345536669440152,0.059394056486722066,177,0.4,1.0,26884.0
1101,1.0,0.0,NaN,178,0.4,1.1,55.0
449,1.0,0.0,NaN,179,0.4,1.2,21.0
605,1.0,0.0,NaN,180,0.4,1.3,34.0
893,1.0,0.0,NaN,181,0.4,1.4,44.0
237,1.0,0.0,NaN,182,0.4,1.5,15.0
3453,1.0,0.0,NaN,183,0.4,1.6,135.0
20000,0.898176921483323,0.10182307851667703,0.059667605175239724,184,0.4,1.7,24719.0
20000,0.9021328010086153,0.09786719899138474,0.06149866322686902,185,0.4,1.8,24626.0
415,1.0,0.0,NaN,186,0.4,1.9,16.0
20000,0.9036237869089407,0.09637621309105926,0.05746671631934835,187,0.4,2.0,24567.0
500,1.0,0.0,NaN,188,0.8,1.0,25.0
457,1.0,0.0,NaN,189,0.8,1.1,17.0
20000,0.9170636750166488,0.08293632498335127,0.06768805710249537,190,0.8,1.2,24052.0
20000,0.9149195902552943,0.0850804097447057,0.06142828975051665,191,0.8,1.3,24893.0
20000,0.9236939313984169,0.07630606860158311,0.06368529181548035,192,0.8,1.4,24567.0
20000,0.9076196898179366,0.09238031018206339,0.07106891173124097,193,0.8,1.5,24174.0
713,1.0,0.0,NaN,194,0.8,1.6,44.0
722,1.0,0.0,NaN,195,0.8,1.7,24.0
210,1.0,0.0,NaN,196,0.8,1.8,16.0
711,1.0,0.0,NaN,197,0.8,1.9,32.0
20000,0.9187845584132298,0.08121544158677015,0.06479188546480602,198,0.8,2.0,24403.0
284,1.0,0.0,NaN,199,0.0,1.0,18.0
626,1.0,0.0,NaN,200,0.0,1.1,17.0
218,1.0,0.0,NaN,201,0.0,1.2,15.0
449,1.0,0.0,NaN,202,0.0,1.3,25.0
274,1.0,0.0,NaN,203,0.0,1.4,12.0
302,1.0,0.0,NaN,204,0.0,1.5,12.0
741,1.0,0.0,NaN,205,0.0,1.6,31.0
243,1.0,0.0,NaN,206,0.0,1.7,14.0
3538,1.0,0.0,NaN,207,0.0,1.8,127.0
845,1.0,0.0,NaN,208,0.0,1.9,75.0
830,1.0,0.0,NaN,209,0.0,2.0,67.0
294,1.0,0.0,NaN,210,0.4,1.0,20.0
938,1.0,0.0,NaN,211,0.4,1.1,73.0
906,1.0,0.0,NaN,212,0.4,1.2,49.0
906,1.0,0.0,NaN,213,0.4,1.3,73.0
793,1.0,0.0,NaN,214,0.4,1.4,50.0
739,1.0,0.0,NaN,215,0.4,1.5,34.0
1012,1.0,0.0,NaN,216,0.4,1.6,36.0
20000,0.9003172653771364,0.09968273462286358,0.059890799828456825,217,0.4,1.7,24332.0
20000,0.8865962180200222,0.11340378197997775,0.06098094622887551,218,0.4,1.8,25666.0
20000,0.8943372884215262,0.10566271157847382,0.05815923892914848,219,0.4,1.9,26009.0
538,1.0,0.0,NaN,220,0.4,2.0,23.0
20000,0.9153618061696925,0.08463819383030745,0.06431384407917964,221,0.8,1.0,24388.0
1191,1.0,0.0,NaN,222,0.8,1.1,32.0
458,1.0,0.0,NaN,223,0.8,1.2,33.0
941,1.0,0.0,NaN,224,0.8,1.3,46.0
555,1.0,0.0,NaN,225,0.8,1.4,24.0
20000,0.9000391783735379,0.09996082162646219,0.06315344400679768,226,0.8,1.5,25969.0
187,1.0,0.0,NaN,227,0.8,1.6,13.0
20000,0.9149946638207044,0.08500533617929562,0.06458580196336465,228,0.8,1.7,24862.0
1727,1.0,0.0,NaN,229,0.8,1.8,80.0
20000,0.9118442688166339,0.08815573118336605,0.06924218980707143,230,0.8,1.9,24793.0
758,1.0,0.0,NaN,231,0.8,2.0,20.0
1175,1.0,0.0,NaN,232,0.0,1.0,81.0
2064,1.0,0.0,NaN,233,0.0,1.1,110.0
275,1.0,0.0,NaN,234,0.0,1.2,19.0
436,1.0,0.0,NaN,235,0.0,1.3,25.0
1247,1.0,0.0,NaN,236,0.0,1.4,72.0
571,1.0,0.0,NaN,237,0.0,1.5,32.0
407,1.0,0.0,NaN,238,0.0,1.6,28.0
947,1.0,0.0,NaN,239,0.0,1.7,20.0
1534,1.0,0.0,NaN,240,0.0,1.8,103.0
725,1.0,0.0,NaN,241,0.0,1.9,27.0
643,1.0,0.0,NaN,242,0.0,2.0,40.0
764,1.0,0.0,NaN,243,0.4,1.0,30.0
20000,0.8962388563591286,0.10376114364087144,0.061403183500133636,244,0.4,1.1,24999.0
344,1.0,0.0,NaN,245,0.4,1.2,18.0
1467,1.0,0.0,NaN,246,0.4,1.3,87.0
20000,0.8862676799662234,0.11373232003377665,0.06101607011716578,247,0.4,1.4,25333.0
20000,0.9017150746030903,0.09828492539690968,0.061353988834850284,248,0.4,1.5,25042.0
20000,0.8947779049204203,0.10522209507957973,0.0585898868316543,249,0.4,1.6,24959.0
20000,0.8895905806796895,0.11040941932031041,0.05986394373674972,250,0.4,1.7,25326.0
20000,0.8947090784406816,0.10529092155931846,0.06400339175768881,251,0.4,1.8,25243.0
442,1.0,0.0,NaN,252,0.4,1.9,21.0
959,1.0,0.0,NaN,253,0.4,2.0,36.0
1126,1.0,0.0,NaN,254,0.8,1.0,62.0
444,1.0,0.0,NaN,255,0.8,1.1,25.0
595,1.0,0.0,NaN,256,0.8,1.2,25.0
20000,0.9058699977890781,0.09413000221092195,0.06660343612961644,257,0.8,1.3,25696.0
20000,0.9142260534347058,0.08577394656529422,0.06588629691228456,258,0.8,1.4,24960.0
555,1.0,0.0,NaN,259,0.8,1.5,39.0
266,1.0,0.0,NaN,260,0.8,1.6,12.0
271,1.0,0.0,NaN,261,0.8,1.7,15.0
20000,0.91988863206556,0.08011136793444001,0.06123998288166395,262,0.8,1.8,24837.0
522,1.0,0.0,NaN,263,0.8,1.9,22.0
290,1.0,0.0,NaN,264,0.8,2.0,15.0
399,1.0,0.0,NaN,265,0.0,1.0,21.0
791,1.0,0.0,NaN,266,0.0,1.1,31.0
2306,1.0,0.0,NaN,267,0.0,1.2,153.0
332,1.0,0.0,NaN,268,0.0,1.3,20.0
463,1.0,0.0,NaN,269,0.0,1.4,16.0
314,1.0,0.0,NaN,270,0.0,1.5,22.0
246,1.0,0.0,NaN,271,0.0,1.6,15.0
1029,1.0,0.0,NaN,272,0.0,1.7,77.0
240,1.0,0.0,NaN,273,0.0,1.8,18.0
648,1.0,0.0,NaN,274,0.0,1.9,28.0
775,1.0,0.0,NaN,275,0.0,2.0,42.0
853,1.0,0.0,NaN,276,0.4,1.0,55.0
2147,1.0,0.0,NaN,277,0.4,1.1,133.0
278,1.0,0.0,NaN,278,0.4,1.2,14.0
176,1.0,0.0,NaN,279,0.4,1.3,17.0
873,1.0,0.0,NaN,280,0.4,1.4,59.0
605,1.0,0.0,NaN,281,0.4,1.5,28.0
1110,1.0,0.0,NaN,282,0.4,1.6,34.0
619,1.0,0.0,NaN,283,0.4,1.7,26.0
653,1.0,0.0,NaN,284,0.4,1.8,32.0
1010,1.0,0.0,NaN,285,0.4,1.9,68.0
377,1.0,0.0,NaN,286,0.4,2.0,19.0
679,1.0,0.0,NaN,287,0.8,1.0,37.0
20000,0.9231643672815584,0.07683563271844158,0.0644516423018505,288,0.8,1.1,24335.0
20000,0.9123388778948495,0.08766112210515056,0.06736661997597632,289,0.8,1.2,24682.0
20000,0.9185393258426966,0.08146067415730338,0.06594673980844465,290,0.8,1.3,23784.0
454,1.0,0.0,NaN,291,0.8,1.4,13.0
552,1.0,0.0,NaN,292,0.8,1.5,16.0
881,1.0,0.0,NaN,293,0.8,1.6,32.0
322,1.0,0.0,NaN,294,0.8,1.7,22.0
544,1.0,0.0,NaN,295,0.8,1.8,23.0
212,1.0,0.0,NaN,296,0.8,1.9,18.0
1039,1.0,0.0,NaN,297,0.8,2.0,44.0
278,1.0,0.0,NaN,298,0.0,1.0,16.0
245,1.0,0.0,NaN,299,0.0,1.1,16.0
1018,1.0,0.0,NaN,300,0.0,1.2,35.0
709,1.0,0.0,NaN,301,0.0,1.3,33.0
972,1.0,0.0,NaN,302,0.0,1.4,93.0
854,1.0,0.0,NaN,303,0.0,1.5,50.0
686,1.0,0.0,NaN,304,0.0,1.6,36.0
853,1.0,0.0,NaN,305,0.0,1.7,29.0
811,1.0,0.0,NaN,306,0.0,1.8,23.0
654,1.0,0.0,NaN,307,0.0,1.9,37.0
962,1.0,0.0,NaN,308,0.0,2.0,62.0
20000,0.9006820566631689,0.09931794333683105,0.06207051655995543,309,0.4,1.0,24652.0
3336,1.0,0.0,NaN,310,0.4,1.1,101.0
758,1.0,0.0,NaN,311,0.4,1.2,42.0
20000,0.8953826625059502,0.10461733749404982,0.06278387482310373,312,0.4,1.3,25292.0
264,1.0,0.0,NaN,313,0.4,1.4,24.0
1194,1.0,0.0,NaN,314,0.4,1.5,50.0
491,1.0,0.0,NaN,315,0.4,1.6,16.0
471,1.0,0.0,NaN,316,0.4,1.7,46.0
2187,1.0,0.0,NaN,317,0.4,1.8,119.0
2952,1.0,0.0,NaN,318,0.4,1.9,68.0
2576,1.0,0.0,NaN,319,0.4,2.0,81.0
20000,0.911075307936178,0.08892469206382204,0.06894374251910908,320,0.8,1.0,24544.0
20000,0.9201753491691304,0.0798246508308696,0.06695481719056295,321,0.8,1.1,23782.0
1232,1.0,0.0,NaN,322,0.8,1.2,53.0
20000,0.9187996469549867,0.08120035304501325,0.06516022476879932,323,0.8,1.3,24211.0
932,1.0,0.0,NaN,324,0.8,1.4,77.0
620,1.0,0.0,NaN,325,0.8,1.5,25.0
407,1.0,0.0,NaN,326,0.8,1.6,39.0
20000,0.9047880217188614,0.0952119782811386,0.07052933231581314,327,0.8,1.7,25360.0
20000,0.9072960900016545,0.09270390999834556,0.06596061255976234,328,0.8,1.8,25504.0
742,1.0,0.0,NaN,329,0.8,1.9,34.0
1786,1.0,0.0,NaN,330,0.8,2.0,78.0
603,1.0,0.0,NaN,331,0.0,1.0,35.0
861,1.0,0.0,NaN,332,0.0,1.1,38.0
1432,1.0,0.0,NaN,333,0.0,1.2,44.0
563,1.0,0.0,NaN,334,0.0,1.3,37.0
376,1.0,0.0,NaN,335,0.0,1.4,25.0
503,1.0,0.0,NaN,336,0.0,1.5,15.0
782,1.0,0.0,NaN,337,0.0,1.6,27.0
309,1.0,0.0,NaN,338,0.0,1.7,17.0
1388,1.0,0.0,NaN,339,0.0,1.8,78.0
1454,1.0,0.0,NaN,340,0.0,1.9,74.0
480,1.0,0.0,NaN,341,0.0,2.0,58.0
461,1.0,0.0,NaN,342,0.4,1.0,29.0
231,1.0,0.0,NaN,343,0.4,1.1,12.0
621,1.0,0.0,NaN,344,0.4,1.2,30.0
1301,1.0,0.0,NaN,345,0.4,1.3,36.0
642,1.0,0.0,NaN,346,0.4,1.4,23.0
20000,0.90417294600634,0.09582705399366004,0.06318258644350502,347,0.4,1.5,24623.0
806,1.0,0.0,NaN,348,0.4,1.6,41.0
269,1.0,0.0,NaN,349,0.4,1.7,13.0
20000,0.8905020854231561,0.10949791457684388,0.06096203124157597,350,0.4,1.8,25118.0
714,1.0,0.0,NaN,351,0.4,1.9,44.0
20000,0.8925685311361116,0.10743146886388845,0.0622224820516064,352,0.4,2.0,24797.0
20000,0.9050726162913071,0.0949273837086929,0.06533493805425192,353,0.8,1.0,24799.0
20000,0.9126803742269676,0.0873196257730324,0.06785613036631145,354,0.8,1.1,24494.0
20000,0.909501514734233,0.09049848526576701,0.06714680723507954,355,0.8,1.2,25455.0
304,1.0,0.0,NaN,356,0.8,1.3,25.0
1381,1.0,0.0,NaN,357,0.8,1.4,73.0
275,1.0,0.0,NaN,358,0.8,1.5,12.0
454,1.0,0.0,NaN,359,0.8,1.6,18.0
762,1.0,0.0,NaN,360,0.8,1.7,32.0
20000,0.9174053389352872,0.08259466106471282,0.0712095196415572,361,0.8,1.8,24489.0
20000,0.921459399779183,0.07854060022081702,0.07065006877789602,362,0.8,1.9,24055.0
20000,0.9241766658156753,0.07582333418432474,0.062228456179150786,363,0.8,2.0,24169.0
532,1.0,0.0,NaN,364,0.0,1.0,28.0
722,1.0,0.0,NaN,365,0.0,1.1,59.0
3158,1.0,0.0,NaN,366,0.0,1.2,161.0
139,1.0,0.0,NaN,367,0.0,1.3,18.0
744,1.0,0.0,NaN,368,0.0,1.4,47.0
661,1.0,0.0,NaN,369,0.0,1.5,32.0
604,1.0,0.0,NaN,370,0.0,1.6,34.0
466,1.0,0.0,NaN,371,0.0,1.7,22.0
372,1.0,0.0,NaN,372,0.0,1.8,28.0
536,1.0,0.0,NaN,373,0.0,1.9,34.0
212,1.0,0.0,NaN,374,0.0,2.0,16.0
306,1.0,0.0,NaN,375,0.4,1.0,12.0
445,1.0,0.0,NaN,376,0.4,1.1,31.0
1340,1.0,0.0,NaN,377,0.4,1.2,50.0
369,1.0,0.0,NaN,378,0.4,1.3,20.0
619,1.0,0.0,NaN,379,0.4,1.4,34.0
20000,0.8953985544131121,0.10460144558688791,0.06175971648610455,380,0.4,1.5,24917.0
611,1.0,0.0,NaN,381,0.4,1.6,41.0
1660,1.0,0.0,NaN,382,0.4,1.7,129.0
418,1.0,0.0,NaN,383,0.4,1.8,23.0
232,1.0,0.0,NaN,384,0.4,1.9,21.0
670,1.0,0.0,NaN,385,0.4,2.0,23.0
20000,0.9149627073925618,0.08503729260743823,0.06963996063104193,386,0.8,1.0,24242.0
20000,0.9199219752579436,0.08007802474205636,0.06541071457943491,387,0.8,1.1,24089.0
468,1.0,0.0,NaN,388,0.8,1.2,51.0
3041,1.0,0.0,NaN,389,0.8,1.3,90.0
20000,0.9211579439738059,0.07884205602619407,0.06360384791402363,390,0.8,1.4,24168.0
672,1.0,0.0,NaN,391,0.8,1.5,38.0
513,1.0,0.0,NaN,392,0.8,1.6,18.0
1830,1.0,0.0,NaN,393,0.8,1.7,109.0
20000,0.9142697712169634,0.08573022878303657,0.07329921112551517,394,0.8,1.8,23791.0
20000,0.907900386431945,0.09209961356805496,0.06574718535290913,395,0.8,1.9,25286.0
247,1.0,0.0,NaN,396,0.8,2.0,12.0
2124,1.0,0.0,NaN,397,0.0,1.0,83.0
1312,1.0,0.0,NaN,398,0.0,1.1,81.0
2983,1.0,0.0,NaN,399,0.0,1.2,233.0
972,1.0,0.0,NaN,400,0.0,1.3,44.0
347,1.0,0.0,NaN,401,0.0,1.4,15.0
1096,1.0,0.0,NaN,402,0.0,1.5,46.0
997,1.0,0.0,NaN,403,0.0,1.6,90.0
372,1.0,0.0,NaN,404,0.0,1.7,24.0
303,1.0,0.0,NaN,405,0.0,1.8,16.0
190,1.0,0.0,NaN,406,0.0,1.9,15.0
597,1.0,0.0,NaN,407,0.0,2.0,28.0
1140,1.0,0.0,NaN,408,0.4,1.0,63.0
892,1.0,0.0,NaN,409,0.4,1.1,42.0
740,1.0,0.0,NaN,410,0.4,1.2,41.0
457,1.0,0.0,NaN,411,0.4,1.3,29.0
413,1.0,0.0,NaN,412,0.4,1.4,32.0
484,1.0,0.0,NaN,413,0.4,1.5,29.0
355,1.0,0.0,NaN,414,0.4,1.6,22.0
337,1.0,0.0,NaN,415,0.4,1.7,28.0
893,1.0,0.0,NaN,416,0.4,1.8,39.0
20000,0.8964401294498382,0.10355987055016182,0.06533441440812221,417,0.4,1.9,24927.0
209,1.0,0.0,NaN,418,0.4,2.0,12.0
20000,0.9208651529906207,0.07913484700937932,0.07032974928040388,419,0.8,1.0,23955.0
20000,0.9166930797675648,0.08330692023243529,0.06577260054191024,420,0.8,1.1,24365.0
416,1.0,0.0,NaN,421,0.8,1.2,19.0
665,1.0,0.0,NaN,422,0.8,1.3,29.0
255,1.0,0.0,NaN,423,0.8,1.4,13.0
284,1.0,0.0,NaN,424,0.8,1.5,17.0
20000,0.9170005136106831,0.0829994863893169,0.061720623582737805,425,0.8,1.6,24294.0
1250,1.0,0.0,NaN,426,0.8,1.7,43.0
513,1.0,0.0,NaN,427,0.8,1.8,28.0
674,1.0,0.0,NaN,428,0.8,1.9,36.0
20000,0.9235011745480544,0.07649882545194567,0.06774221473529922,429,0.8,2.0,23573.0
665,1.0,0.0,NaN,430,0.0,1.0,21.0
876,1.0,0.0,NaN,431,0.0,1.1,60.0
904,1.0,0.0,NaN,432,0.0,1.2,70.0
513,1.0,0.0,NaN,433,0.0,1.3,17.0
451,1.0,0.0,NaN,434,0.0,1.4,24.0
1061,1.0,0.0,NaN,435,0.0,1.5,50.0
349,1.0,0.0,NaN,436,0.0,1.6,23.0
569,1.0,0.0,NaN,437,0.0,1.7,38.0
430,1.0,0.0,NaN,438,0.0,1.8,20.0
412,1.0,0.0,NaN,439,0.0,1.9,23.0
1226,1.0,0.0,NaN,440,0.0,2.0,86.0
353,1.0,0.0,NaN,441,0.4,1.0,26.0
1105,1.0,0.0,NaN,442,0.4,1.1,29.0
20000,0.9046773238602723,0.09532267613972766,0.06268938429386679,443,0.4,1.2,24921.0
653,1.0,0.0,NaN,444,0.4,1.3,42.0
750,1.0,0.0,NaN,445,0.4,1.4,37.0
1075,1.0,0.0,NaN,446,0.4,1.5,72.0
20000,0.8938300226566205,0.10616997734337952,0.059695260765382764,447,0.4,1.6,24943.0
474,1.0,0.0,NaN,448,0.4,1.7,23.0
397,1.0,0.0,NaN,449,0.4,1.8,31.0
1338,1.0,0.0,NaN,450,0.4,1.9,60.0
773,1.0,0.0,NaN,451,0.4,2.0,62.0
20000,0.9176464547928326,0.08235354520716742,0.0669777955824735,452,0.8,1.0,24199.0
20000,0.9262434817488969,0.07375651825110309,0.06943683659442623,453,0.8,1.1,23438.0
3264,1.0,0.0,NaN,454,0.8,1.2,84.0
326,1.0,0.0,NaN,455,0.8,1.3,18.0
20000,0.9163716339448557,0.0836283660551443,0.06453249140351147,456,0.8,1.4,25088.0
601,1.0,0.0,NaN,457,0.8,1.5,29.0
20000,0.9262621111677716,0.07373788883222845,0.06559664642540068,458,0.8,1.6,23529.0
20000,0.9212825044180762,0.07871749558192376,0.07006345618354237,459,0.8,1.7,23856.0
20000,0.9081709145427287,0.09182908545727136,0.07367272449288548,460,0.8,1.8,24815.0
648,1.0,0.0,NaN,461,0.8,1.9,28.0
20000,0.9102883219249118,0.08971167807508816,0.06667791588372307,462,0.8,2.0,24275.0
853,1.0,0.0,NaN,463,0.0,1.0,54.0
430,1.0,0.0,NaN,464,0.0,1.1,18.0
1469,1.0,0.0,NaN,465,0.0,1.2,99.0
2295,1.0,0.0,NaN,466,0.0,1.3,172.0
403,1.0,0.0,NaN,467,0.0,1.4,29.0
551,1.0,0.0,NaN,468,0.0,1.5,31.0
328,1.0,0.0,NaN,469,0.0,1.6,21.0
1062,1.0,0.0,NaN,470,0.0,1.7,37.0
1401,1.0,0.0,NaN,471,0.0,1.8,95.0
357,1.0,0.0,NaN,472,0.0,1.9,20.0
353,1.0,0.0,NaN,473,0.0,2.0,23.0
20000,0.8951894511909105,0.1048105488090895,0.060980650523347994,474,0.4,1.0,24940.0
1231,1.0,0.0,NaN,475,0.4,1.1,75.0
20000,0.8992016482101468,0.1007983517898532,0.06172944512755793,476,0.4,1.2,24986.0
385,1.0,0.0,NaN,477,0.4,1.3,28.0
413,1.0,0.0,NaN,478,0.4,1.4,16.0
20000,0.9004298384025247,0.09957016159747538,0.0584803704832827,479,0.4,1.5,25559.0
675,1.0,0.0,NaN,480,0.4,1.6,42.0
210,1.0,0.0,NaN,481,0.4,1.7,14.0
526,1.0,0.0,NaN,482,0.4,1.8,40.0
2110,1.0,0.0,NaN,483,0.4,1.9,95.0
20000,0.8999731831590239,0.10002681684097613,0.06228120163789172,484,0.4,2.0,25507.0
326,1.0,0.0,NaN,485,0.8,1.0,18.0
366,1.0,0.0,NaN,486,0.8,1.1,18.0
463,1.0,0.0,NaN,487,0.8,1.2,46.0
266,1.0,0.0,NaN,488,0.8,1.3,19.0
241,1.0,0.0,NaN,489,0.8,1.4,19.0
673,1.0,0.0,NaN,490,0.8,1.5,24.0
20000,0.8995707682148361,0.10042923178516398,0.06529922396367757,491,0.8,1.6,25622.0
268,1.0,0.0,NaN,492,0.8,1.7,26.0
273,1.0,0.0,NaN,493,0.8,1.8,17.0
20000,0.9188093405183474,0.08119065948165255,0.07097889541237747,494,0.8,1.9,24168.0
6654,1.0,0.0,NaN,495,0.8,2.0,82.0
974,1.0,0.0,NaN,496,0.0,1.0,50.0
642,1.0,0.0,NaN,497,0.0,1.1,32.0
423,1.0,0.0,NaN,498,0.0,1.2,23.0
1639,1.0,0.0,NaN,499,0.0,1.3,50.0
268,1.0,0.0,NaN,500,0.0,1.4,21.0
1464,1.0,0.0,NaN,501,0.0,1.5,124.0
206,1.0,0.0,NaN,502,0.0,1.6,21.0
271,1.0,0.0,NaN,503,0.0,1.7,14.0
436,1.0,0.0,NaN,504,0.0,1.8,24.0
855,1.0,0.0,NaN,505,0.0,1.9,47.0
549,1.0,0.0,NaN,506,0.0,2.0,36.0
832,1.0,0.0,NaN,507,0.4,1.0,29.0
339,1.0,0.0,NaN,508,0.4,1.1,17.0
426,1.0,0.0,NaN,509,0.4,1.2,21.0
1454,1.0,0.0,NaN,510,0.4,1.3,97.0
20000,0.8991139437276543,0.10088605627234572,0.05812169956140272,511,0.4,1.4,24568.0
194,1.0,0.0,NaN,512,0.4,1.5,15.0
20000,0.8962343981383541,0.10376560186164586,0.06356595814896432,513,0.4,1.6,25140.0
565,1.0,0.0,NaN,514,0.4,1.7,13.0
20000,0.9036351344323678,0.09636486556763223,0.06388940840416221,515,0.4,1.8,24505.0
640,1.0,0.0,NaN,516,0.4,1.9,40.0
745,1.0,0.0,NaN,517,0.4,2.0,31.0
20000,0.9219396195202647,0.07806038047973532,0.06445306188217108,518,0.8,1.0,24336.0
20000,0.9227277312619793,0.07727226873802077,0.06816265259680145,519,0.8,1.1,23549.0
1904,1.0,0.0,NaN,520,0.8,1.2,67.0
240,1.0,0.0,NaN,521,0.8,1.3,17.0
811,1.0,0.0,NaN,522,0.8,1.4,27.0
141,1.0,0.0,NaN,523,0.8,1.5,12.0
20000,0.9171511627906976,0.08284883720930232,0.07027286895519708,524,0.8,1.6,24453.0
1118,1.0,0.0,NaN,525,0.8,1.7,29.0
20000,0.9277869020734962,0.0722130979265038,0.06890682029110204,526,0.8,1.8,23747.0
20000,0.9254269544748835,0.07457304552511644,0.06462509011390863,527,0.8,1.9,23686.0
20000,0.9189695550351288,0.08103044496487119,0.06522176105939917,528,0.8,2.0,24131.0
541,1.0,0.0,NaN,529,0.0,1.0,23.0
304,1.0,0.0,NaN,530,0.0,1.1,17.0
1392,1.0,0.0,NaN,531,0.0,1.2,98.0
1176,1.0,0.0,NaN,532,0.0,1.3,32.0
541,1.0,0.0,NaN,533,0.0,1.4,35.0
945,1.0,0.0,NaN,534,0.0,1.5,55.0
745,1.0,0.0,NaN,535,0.0,1.6,43.0
364,1.0,0.0,NaN,536,0.0,1.7,20.0
916,1.0,0.0,NaN,537,0.0,1.8,51.0
320,1.0,0.0,NaN,538,0.0,1.9,19.0
429,1.0,0.0,NaN,539,0.0,2.0,29.0
313,1.0,0.0,NaN,540,0.4,1.0,21.0
702,1.0,0.0,NaN,541,0.4,1.1,42.0
1984,1.0,0.0,NaN,542,0.4,1.2,93.0
630,1.0,0.0,NaN,543,0.4,1.3,30.0
20000,0.8966265953503151,0.1033734046496849,0.05927820085615466,544,0.4,1.4,25065.0
981,1.0,0.0,NaN,545,0.4,1.5,33.0
449,1.0,0.0,NaN,546,0.4,1.6,23.0
20000,0.8940666630998877,0.10593333690011235,0.06122837018870542,547,0.4,1.7,25264.0
1839,1.0,0.0,NaN,548,0.4,1.8,77.0
804,1.0,0.0,NaN,549,0.4,1.9,38.0
20000,0.8914128287763801,0.10858717122361992,0.06130138965413406,550,0.4,2.0,24992.0
1224,1.0,0.0,NaN,551,0.8,1.0,86.0
456,1.0,0.0,NaN,552,0.8,1.1,33.0
485,1.0,0.0,NaN,553,0.8,1.2,26.0
20000,0.9156372246242537,0.08436277537574635,0.06326762024809261,554,0.8,1.3,24384.0
749,1.0,0.0,NaN,555,0.8,1.4,26.0
575,1.0,0.0,NaN,556,0.8,1.5,31.0
623,1.0,0.0,NaN,557,0.8,1.6,38.0
1594,1.0,0.0,NaN,558,0.8,1.7,62.0
20000,0.9169031851151056,0.08309681488489436,0.07141519685027552,559,0.8,1.8,24498.0
20000,0.9113384484228474,0.0886615515771526,0.06944873692696131,560,0.8,1.9,24723.0
665,1.0,0.0,NaN,561,0.8,2.0,29.0
357,1.0,0.0,NaN,562,0.0,1.0,20.0
191,1.0,0.0,NaN,563,0.0,1.1,19.0
1398,1.0,0.0,NaN,564,0.0,1.2,63.0
2493,1.0,0.0,NaN,565,0.0,1.3,156.0
305,1.0,0.0,NaN,566,0.0,1.4,36.0
1182,1.0,0.0,NaN,567,0.0,1.5,35.0
693,1.0,0.0,NaN,568,0.0,1.6,27.0
529,1.0,0.0,NaN,569,0.0,1.7,25.0
366,1.0,0.0,NaN,570,0.0,1.8,11.0
126,1.0,0.0,NaN,571,0.0,1.9,12.0
163,1.0,0.0,NaN,572,0.0,2.0,12.0
20000,0.8990106503757366,0.1009893496242634,0.0648912048172643,573,0.4,1.0,25369.0
518,1.0,0.0,NaN,574,0.4,1.1,47.0
626,1.0,0.0,NaN,575,0.4,1.2,44.0
494,1.0,0.0,NaN,576,0.4,1.3,39.0
282,1.0,0.0,NaN,577,0.4,1.4,13.0
541,1.0,0.0,NaN,578,0.4,1.5,15.0
1437,1.0,0.0,NaN,579,0.4,1.6,101.0
1594,1.0,0.0,NaN,580,0.4,1.7,75.0
20000,0.896,0.104,0.06279793278841554,581,0.4,1.8,24820.0
868,1.0,0.0,NaN,582,0.4,1.9,41.0
782,1.0,0.0,NaN,583,0.4,2.0,57.0
384,1.0,0.0,NaN,584,0.8,1.0,27.0
407,1.0,0.0,NaN,585,0.8,1.1,19.0
20000,0.915086388537716,0.08491361146228403,0.0678195502447552,586,0.8,1.2,24548.0
230,1.0,0.0,NaN,587,0.8,1.3,14.0
630,1.0,0.0,NaN,588,0.8,1.4,26.0
575,1.0,0.0,NaN,589,0.8,1.5,42.0
20000,0.919706914974813,0.08029308502518699,0.06527182612387042,590,0.8,1.6,23876.0
20000,0.9155748151924548,0.08442518480754524,0.07580616656512833,591,0.8,1.7,23731.0
20000,0.9222983494238555,0.0777016505761445,0.06996495195727069,592,0.8,1.8,24064.0
20000,0.9200162609888713,0.07998373901112861,0.07197689727755865,593,0.8,1.9,23828.0
20000,0.9035155389023584,0.09648446109764161,0.06531191892680203,594,0.8,2.0,25707.0
652,1.0,0.0,NaN,595,0.0,1.0,27.0
965,1.0,0.0,NaN,596,0.0,1.1,78.0
1691,1.0,0.0,NaN,597,0.0,1.2,94.0
1311,1.0,0.0,NaN,598,0.0,1.3,42.0
458,1.0,0.0,NaN,599,0.0,1.4,23.0
447,1.0,0.0,NaN,600,0.0,1.5,20.0
1357,1.0,0.0,NaN,601,0.0,1.6,74.0
700,1.0,0.0,NaN,602,0.0,1.7,30.0
646,1.0,0.0,NaN,603,0.0,1.8,57.0
605,1.0,0.0,NaN,604,0.0,1.9,41.0
988,1.0,0.0,NaN,605,0.0,2.0,63.0
474,1.0,0.0,NaN,606,0.4,1.0,22.0
20000,0.8959518418291269,0.10404815817087314,0.056642356256452274,607,0.4,1.1,25789.0
20000,0.8950715421303657,0.10492845786963434,0.06352549188660724,608,0.4,1.2,25249.0
1367,1.0,0.0,NaN,609,0.4,1.3,54.0
525,1.0,0.0,NaN,610,0.4,1.4,15.0
2293,1.0,0.0,NaN,611,0.4,1.5,169.0
531,1.0,0.0,NaN,612,0.4,1.6,21.0
596,1.0,0.0,NaN,613,0.4,1.7,32.0
1069,1.0,0.0,NaN,614,0.4,1.8,47.0
20000,0.8864712454115018,0.11352875458849816,0.06615694240010857,615,0.4,1.9,25301.0
1485,1.0,0.0,NaN,616,0.4,2.0,40.0
374,1.0,0.0,NaN,617,0.8,1.0,18.0
700,1.0,0.0,NaN,618,0.8,1.1,49.0
20000,0.8963391136801542,0.10366088631984585,0.06541225289604248,619,0.8,1.2,25330.0
1008,1.0,0.0,NaN,620,0.8,1.3,31.0
359,1.0,0.0,NaN,621,0.8,1.4,18.0
20000,0.9205939981437558,0.0794060018562442,0.06704200015088647,622,0.8,1.5,24046.0
20000,0.9158293439949498,0.08417065600505023,0.06558661869149184,623,0.8,1.6,24607.0
20000,0.9048676250208136,0.09513237497918632,0.061811588524369986,624,0.8,1.7,25800.0
20000,0.9159137577002053,0.08408624229979467,0.06300358013522912,625,0.8,1.8,24218.0
20000,0.9153362859202802,0.08466371407971984,0.0625167471733349,626,0.8,1.9,24020.0
255,1.0,0.0,NaN,627,0.8,2.0,17.0
881,1.0,0.0,NaN,628,0.0,1.0,54.0
2058,1.0,0.0,NaN,629,0.0,1.1,116.0
254,1.0,0.0,NaN,630,0.0,1.2,21.0
724,1.0,0.0,NaN,631,0.0,1.3,40.0
587,1.0,0.0,NaN,632,0.0,1.4,21.0
271,1.0,0.0,NaN,633,0.0,1.5,19.0
445,1.0,0.0,NaN,634,0.0,1.6,21.0
311,1.0,0.0,NaN,635,0.0,1.7,17.0
354,1.0,0.0,NaN,636,0.0,1.8,22.0
1096,1.0,0.0,NaN,637,0.0,1.9,47.0
358,1.0,0.0,NaN,638,0.0,2.0,22.0
1615,1.0,0.0,NaN,639,0.4,1.0,59.0
288,1.0,0.0,NaN,640,0.4,1.1,24.0
1026,1.0,0.0,NaN,641,0.4,1.2,60.0
20000,0.8814435919295255,0.11855640807047457,0.05447931527701727,642,0.4,1.3,26351.0
411,1.0,0.0,NaN,643,0.4,1.4,27.0
631,1.0,0.0,NaN,644,0.4,1.5,65.0
20000,0.9054884742041712,0.09451152579582876,0.0578899775026317,645,0.4,1.6,25623.0
20000,0.9024273649545865,0.0975726350454135,0.06052031699295064,646,0.4,1.7,24929.0
20000,0.9032155195322881,0.09678448046771193,0.059564089507415326,647,0.4,1.8,25078.0
20000,0.8977464195450716,0.1022535804549284,0.059879722171501885,648,0.4,1.9,24830.0
543,1.0,0.0,NaN,649,0.4,2.0,19.0
468,1.0,0.0,NaN,650,0.8,1.0,23.0
470,1.0,0.0,NaN,651,0.8,1.1,29.0
20000,0.916577137945853,0.08342286205414697,0.06112657359575304,652,0.8,1.2,24724.0
533,1.0,0.0,NaN,653,0.8,1.3,34.0
20000,0.9104423306824679,0.08955766931753209,0.06606356626289153,654,0.8,1.4,24501.0
614,1.0,0.0,NaN,655,0.8,1.5,29.0
744,1.0,0.0,NaN,656,0.8,1.6,26.0
379,1.0,0.0,NaN,657,0.8,1.7,32.0
589,1.0,0.0,NaN,658,0.8,1.8,31.0
97,1.0,0.0,NaN,659,0.8,1.9,12.0
471,1.0,0.0,NaN,660,0.8,2.0,23.0
147,1.0,0.0,NaN,661,0.0,1.0,10.0
300,1.0,0.0,NaN,662,0.0,1.1,19.0
848,1.0,0.0,NaN,663,0.0,1.2,51.0
640,1.0,0.0,NaN,664,0.0,1.3,51.0
650,1.0,0.0,NaN,665,0.0,1.4,40.0
252,1.0,0.0,NaN,666,0.0,1.5,14.0
538,1.0,0.0,NaN,667,0.0,1.6,34.0
930,1.0,0.0,NaN,668,0.0,1.7,31.0
360,1.0,0.0,NaN,669,0.0,1.8,18.0
277,1.0,0.0,NaN,670,0.0,1.9,18.0
1043,1.0,0.0,NaN,671,0.0,2.0,51.0
20000,0.8893487714150993,0.11065122858490072,0.06221843992256694,672,0.4,1.0,25050.0
807,1.0,0.0,NaN,673,0.4,1.1,71.0
751,1.0,0.0,NaN,674,0.4,1.2,37.0
312,1.0,0.0,NaN,675,0.4,1.3,28.0
20000,0.9028971665074816,0.0971028334925183,0.059091671613063335,676,0.4,1.4,24841.0
2074,1.0,0.0,NaN,677,0.4,1.5,34.0
20000,0.8894520621031852,0.11054793789681482,0.05964903256607261,678,0.4,1.6,25666.0
20000,0.8845293315143247,0.1154706684856753,0.06448354653944355,679,0.4,1.7,25672.0
20000,0.900474709445081,0.09952529055491897,0.06088124077640352,680,0.4,1.8,25508.0
501,1.0,0.0,NaN,681,0.4,1.9,21.0
987,1.0,0.0,NaN,682,0.4,2.0,26.0
20000,0.9157611507813308,0.08423884921866916,0.0703298113415729,683,0.8,1.0,24187.0
225,1.0,0.0,NaN,684,0.8,1.1,15.0
606,1.0,0.0,NaN,685,0.8,1.2,25.0
465,1.0,0.0,NaN,686,0.8,1.3,13.0
276,1.0,0.0,NaN,687,0.8,1.4,12.0
224,1.0,0.0,NaN,688,0.8,1.5,13.0
20000,0.9173148196481704,0.08268518035182962,0.06835080470903702,689,0.8,1.6,24404.0
20000,0.9122733024040489,0.08772669759595107,0.06877528724051503,690,0.8,1.7,24830.0
20000,0.9163025384935497,0.08369746150645027,0.0663551618256262,691,0.8,1.8,24165.0
20000,0.921513843027686,0.07848615697231394,0.0641692726637431,692,0.8,1.9,24090.0
20000,0.9098749460974558,0.0901250539025442,0.06384626202416098,693,0.8,2.0,25066.0
492,1.0,0.0,NaN,694,0.0,1.0,27.0
573,1.0,0.0,NaN,695,0.0,1.1,25.0
631,1.0,0.0,NaN,696,0.0,1.2,40.0
743,1.0,0.0,NaN,697,0.0,1.3,48.0
855,1.0,0.0,NaN,698,0.0,1.4,32.0
502,1.0,0.0,NaN,699,0.0,1.5,25.0
1077,1.0,0.0,NaN,700,0.0,1.6,53.0
856,1.0,0.0,NaN,701,0.0,1.7,46.0
540,1.0,0.0,NaN,702,0.0,1.8,32.0
489,1.0,0.0,NaN,703,0.0,1.9,38.0
612,1.0,0.0,NaN,704,0.0,2.0,29.0
386,1.0,0.0,NaN,705,0.4,1.0,17.0
20000,0.9019484270784097,0.09805157292159025,0.061635260430677276,706,0.4,1.1,24623.0
20000,0.9039896373056995,0.09601036269430052,0.06763365741745944,707,0.4,1.2,24361.0
1271,1.0,0.0,NaN,708,0.4,1.3,62.0
20000,0.9001627211170017,0.09983727888299827,0.061168571784386706,709,0.4,1.4,24864.0
330,1.0,0.0,NaN,710,0.4,1.5,17.0
2467,1.0,0.0,NaN,711,0.4,1.6,128.0
420,1.0,0.0,NaN,712,0.4,1.7,21.0
375,1.0,0.0,NaN,713,0.4,1.8,16.0
20000,0.8977700234447413,0.10222997655525871,0.0595894901320289,714,0.4,1.9,25328.0
20000,0.8995699601426473,0.10043003985735263,0.06509912831969818,715,0.4,2.0,24628.0
20000,0.9225124441935649,0.07748755580643506,0.06820149021574617,716,0.8,1.0,23745.0
306,1.0,0.0,NaN,717,0.8,1.1,27.0
20000,0.9241066883844039,0.07589331161559605,0.07291840773578666,718,0.8,1.2,23980.0
441,1.0,0.0,NaN,719,0.8,1.3,21.0
387,1.0,0.0,NaN,720,0.8,1.4,20.0
722,1.0,0.0,NaN,721,0.8,1.5,20.0
20000,0.9309753817388594,0.06902461826114054,0.06778620661761428,722,0.8,1.6,23736.0
193,1.0,0.0,NaN,723,0.8,1.7,17.0
890,1.0,0.0,NaN,724,0.8,1.8,26.0
20000,0.9230926989335521,0.07690730106644791,0.06837760327683004,725,0.8,1.9,24327.0
20000,0.9197984679450928,0.0802015320549072,0.06539260715132991,726,0.8,2.0,24349.0
1126,1.0,0.0,NaN,727,0.0,1.0,67.0
584,1.0,0.0,NaN,728,0.0,1.1,27.0
184,1.0,0.0,NaN,729,0.0,1.2,12.0
710,1.0,0.0,NaN,730,0.0,1.3,53.0
1285,1.0,0.0,NaN,731,0.0,1.4,53.0
288,1.0,0.0,NaN,732,0.0,1.5,17.0
104,1.0,0.0,NaN,733,0.0,1.6,11.0
1200,1.0,0.0,NaN,734,0.0,1.7,80.0
382,1.0,0.0,NaN,735,0.0,1.8,15.0
197,1.0,0.0,NaN,736,0.0,1.9,16.0
895,1.0,0.0,NaN,737,0.0,2.0,29.0
664,1.0,0.0,NaN,738,0.4,1.0,18.0
717,1.0,0.0,NaN,739,0.4,1.1,25.0
20000,0.9043487351034916,0.09565126489650846,0.06365625981881672,740,0.4,1.2,24847.0
621,1.0,0.0,NaN,741,0.4,1.3,37.0
20000,0.9043268220961983,0.09567317790380173,0.06002260243683848,742,0.4,1.4,24757.0
20000,0.8955069625761531,0.10449303742384683,0.06160109964217325,743,0.4,1.5,25722.0
20000,0.896742671009772,0.103257328990228,0.062381008218930285,744,0.4,1.6,25260.0
587,1.0,0.0,NaN,745,0.4,1.7,32.0
295,1.0,0.0,NaN,746,0.4,1.8,15.0
511,1.0,0.0,NaN,747,0.4,1.9,17.0
20000,0.9032291995371832,0.09677080046281687,0.05878329615940403,748,0.4,2.0,24519.0
20000,0.9194959932517925,0.08050400674820751,0.06340141589746709,749,0.8,1.0,24633.0
20000,0.924417723437579,0.07558227656242106,0.06417710931136483,750,0.8,1.1,23587.0
20000,0.9248297537977999,0.0751702462022001,0.06303500810019604,751,0.8,1.2,24206.0
451,1.0,0.0,NaN,752,0.8,1.3,16.0
20000,0.9191621411947246,0.0808378588052754,0.06830903912063525,753,0.8,1.4,23958.0
1193,1.0,0.0,NaN,754,0.8,1.5,31.0
946,1.0,0.0,NaN,755,0.8,1.6,25.0
2119,1.0,0.0,NaN,756,0.8,1.7,58.0
925,1.0,0.0,NaN,757,0.8,1.8,88.0
20000,0.9180178733879167,0.08198212661208326,0.06718579491138553,758,0.8,1.9,24772.0
1764,1.0,0.0,NaN,759,0.8,2.0,65.0
610,1.0,0.0,NaN,760,0.0,1.0,28.0
623,1.0,0.0,NaN,761,0.0,1.1,45.0
772,1.0,0.0,NaN,762,0.0,1.2,30.0
1016,1.0,0.0,NaN,763,0.0,1.3,50.0
553,1.0,0.0,NaN,764,0.0,1.4,54.0
865,1.0,0.0,NaN,765,0.0,1.5,67.0
594,1.0,0.0,NaN,766,0.0,1.6,37.0
444,1.0,0.0,NaN,767,0.0,1.7,15.0
735,1.0,0.0,NaN,768,0.0,1.8,36.0
332,1.0,0.0,NaN,769,0.0,1.9,34.0
1241,1.0,0.0,NaN,770,0.0,2.0,103.0
471,1.0,0.0,NaN,771,0.4,1.0,25.0
1149,1.0,0.0,NaN,772,0.4,1.1,43.0
1398,1.0,0.0,NaN,773,0.4,1.2,43.0
422,1.0,0.0,NaN,774,0.4,1.3,27.0
1885,1.0,0.0,NaN,775,0.4,1.4,74.0
266,1.0,0.0,NaN,776,0.4,1.5,21.0
557,1.0,0.0,NaN,777,0.4,1.6,24.0
20000,0.9052682716182662,0.09473172838173378,0.060543405191246735,778,0.4,1.7,25046.0
263,1.0,0.0,NaN,779,0.4,1.8,11.0
2014,1.0,0.0,NaN,780,0.4,1.9,54.0
872,1.0,0.0,NaN,781,0.4,2.0,67.0
20000,0.9137446675684112,0.08625533243158881,0.0650415623764137,782,0.8,1.0,24509.0
472,1.0,0.0,NaN,783,0.8,1.1,30.0
389,1.0,0.0,NaN,784,0.8,1.2,18.0
831,1.0,0.0,NaN,785,0.8,1.3,29.0
20000,0.9139470443349754,0.08605295566502463,0.0715527964071999,786,0.8,1.4,24385.0
20000,0.9229558098037157,0.07704419019628425,0.06321690764358814,787,0.8,1.5,23891.0
20000,0.9172658122329895,0.08273418776701053,0.06326401518808872,788,0.8,1.6,24524.0
1738,1.0,0.0,NaN,789,0.8,1.7,28.0
20000,0.9062585256725051,0.09374147432749495,0.0667813662817958,790,0.8,1.8,25319.0
230,1.0,0.0,NaN,791,0.8,1.9,21.0
570,1.0,0.0,NaN,792,0.8,2.0,34.0
663,1.0,0.0,NaN,793,0.0,1.0,33.0
927,1.0,0.0,NaN,794,0.0,1.1,50.0
319,1.0,0.0,NaN,795,0.0,1.2,22.0
632,1.0,0.0,NaN,796,0.0,1.3,22.0
299,1.0,0.0,NaN,797,0.0,1.4,13.0
222,1.0,0.0,NaN,798,0.0,1.5,16.0
237,1.0,0.0,NaN,799,0.0,1.6,17.0
659,1.0,0.0,NaN,800,0.0,1.7,30.0
656,1.0,0.0,NaN,801,0.0,1.8,45.0
321,1.0,0.0,NaN,802,0.0,1.9,20.0
1691,1.0,0.0,NaN,803,0.0,2.0,61.0
830,1.0,0.0,NaN,804,0.4,1.0,65.0
807,1.0,0.0,NaN,805,0.4,1.1,17.0
581,1.0,0.0,NaN,806,0.4,1.2,23.0
314,1.0,0.0,NaN,807,0.4,1.3,15.0
440,1.0,0.0,NaN,808,0.4,1.4,26.0
1329,1.0,0.0,NaN,809,0.4,1.5,67.0
1442,1.0,0.0,NaN,810,0.4,1.6,53.0
200,1.0,0.0,NaN,811,0.4,1.7,13.0
757,1.0,0.0,NaN,812,0.4,1.8,26.0
338,1.0,0.0,NaN,813,0.4,1.9,14.0
449,1.0,0.0,NaN,814,0.4,2.0,19.0
20000,0.9181262306974816,0.0818737693025184,0.06669532782002027,815,0.8,1.0,24137.0
237,1.0,0.0,NaN,816,0.8,1.1,13.0
1026,1.0,0.0,NaN,817,0.8,1.2,36.0
383,1.0,0.0,NaN,818,0.8,1.3,25.0
20000,0.9152488471935125,0.08475115280648751,0.07099377923141191,819,0.8,1.4,24455.0
449,1.0,0.0,NaN,820,0.8,1.5,31.0
507,1.0,0.0,NaN,821,0.8,1.6,19.0
20000,0.9206870033324789,0.07931299666752115,0.06360071641758437,822,0.8,1.7,23912.0
20000,0.9181458043936822,0.08185419560631785,0.06562587030306473,823,0.8,1.8,23936.0
537,1.0,0.0,NaN,824,0.8,1.9,25.0
371,1.0,0.0,NaN,825,0.8,2.0,22.0
335,1.0,0.0,NaN,826,0.0,1.0,25.0
1372,1.0,0.0,NaN,827,0.0,1.1,51.0
452,1.0,0.0,NaN,828,0.0,1.2,32.0
643,1.0,0.0,NaN,829,0.0,1.3,35.0
522,1.0,0.0,NaN,830,0.0,1.4,40.0
2266,1.0,0.0,NaN,831,0.0,1.5,122.0
1093,1.0,0.0,NaN,832,0.0,1.6,76.0
723,1.0,0.0,NaN,833,0.0,1.7,35.0
275,1.0,0.0,NaN,834,0.0,1.8,19.0
1273,1.0,0.0,NaN,835,0.0,1.9,54.0
601,1.0,0.0,NaN,836,0.0,2.0,33.0
391,1.0,0.0,NaN,837,0.4,1.0,21.0
348,1.0,0.0,NaN,838,0.4,1.1,31.0
353,1.0,0.0,NaN,839,0.4,1.2,27.0
20000,0.8979877327020338,0.10201226729796621,0.06148528525248312,840,0.4,1.3,25244.0
866,1.0,0.0,NaN,841,0.4,1.4,60.0
325,1.0,0.0,NaN,842,0.4,1.5,24.0
556,1.0,0.0,NaN,843,0.4,1.6,21.0
2185,1.0,0.0,NaN,844,0.4,1.7,117.0
781,1.0,0.0,NaN,845,0.4,1.8,47.0
993,1.0,0.0,NaN,846,0.4,1.9,62.0
409,1.0,0.0,NaN,847,0.4,2.0,24.0
277,1.0,0.0,NaN,848,0.8,1.0,13.0
509,1.0,0.0,NaN,849,0.8,1.1,25.0
341,1.0,0.0,NaN,850,0.8,1.2,22.0
348,1.0,0.0,NaN,851,0.8,1.3,17.0
20000,0.9116013331217268,0.08839866687827329,0.06896484252431118,852,0.8,1.4,24265.0
20000,0.8970422217204786,0.10295777827952134,0.06791160007976008,853,0.8,1.5,25841.0
20000,0.9138657675692762,0.08613423243072385,0.0655389945408006,854,0.8,1.6,24889.0
20000,0.9146242245499847,0.08537577545001525,0.0657002285119541,855,0.8,1.7,24127.0
20000,0.9207391569945022,0.07926084300549786,0.0703055142740641,856,0.8,1.8,23951.0
1425,1.0,0.0,NaN,857,0.8,1.9,33.0
20000,0.9137573811250389,0.08624261887496115,0.06865104257439317,858,0.8,2.0,24383.0
355,1.0,0.0,NaN,859,0.0,1.0,19.0
321,1.0,0.0,NaN,860,0.0,1.1,15.0
1042,1.0,0.0,NaN,861,0.0,1.2,75.0
644,1.0,0.0,NaN,862,0.0,1.3,26.0
790,1.0,0.0,NaN,863,0.0,1.4,22.0
1063,1.0,0.0,NaN,864,0.0,1.5,52.0
335,1.0,0.0,NaN,865,0.0,1.6,27.0
554,1.0,0.0,NaN,866,0.0,1.7,36.0
827,1.0,0.0,NaN,867,0.0,1.8,42.0
1140,1.0,0.0,NaN,868,0.0,1.9,90.0
151,1.0,0.0,NaN,869,0.0,2.0,11.0
20000,0.9076029567053854,0.09239704329461457,0.061210748522265684,870,0.4,1.0,24532.0
270,1.0,0.0,NaN,871,0.4,1.1,20.0
378,1.0,0.0,NaN,872,0.4,1.2,24.0
20000,0.9085761778608903,0.09142382213910966,0.05793867675530363,873,0.4,1.3,24757.0
945,1.0,0.0,NaN,874,0.4,1.4,42.0
779,1.0,0.0,NaN,875,0.4,1.5,49.0
443,1.0,0.0,NaN,876,0.4,1.6,21.0
415,1.0,0.0,NaN,877,0.4,1.7,18.0
20000,0.9046767320742806,0.0953232679257194,0.06036003141623833,878,0.4,1.8,24780.0
338,1.0,0.0,NaN,879,0.4,1.9,23.0
495,1.0,0.0,NaN,880,0.4,2.0,17.0
1389,1.0,0.0,NaN,881,0.8,1.0,60.0
784,1.0,0.0,NaN,882,0.8,1.1,37.0
812,1.0,0.0,NaN,883,0.8,1.2,37.0
757,1.0,0.0,NaN,884,0.8,1.3,40.0
20000,0.8994398066783831,0.10056019332161688,0.06385003938137773,885,0.8,1.4,25489.0
807,1.0,0.0,NaN,886,0.8,1.5,32.0
524,1.0,0.0,NaN,887,0.8,1.6,20.0
1416,1.0,0.0,NaN,888,0.8,1.7,22.0
1835,1.0,0.0,NaN,889,0.8,1.8,36.0
329,1.0,0.0,NaN,890,0.8,1.9,34.0
530,1.0,0.0,NaN,891,0.8,2.0,27.0
378,1.0,0.0,NaN,892,0.0,1.0,25.0
451,1.0,0.0,NaN,893,0.0,1.1,57.0
1377,1.0,0.0,NaN,894,0.0,1.2,50.0
529,1.0,0.0,NaN,895,0.0,1.3,27.0
1015,1.0,0.0,NaN,896,0.0,1.4,65.0
1631,1.0,0.0,NaN,897,0.0,1.5,117.0
575,1.0,0.0,NaN,898,0.0,1.6,50.0
381,1.0,0.0,NaN,899,0.0,1.7,18.0
744,1.0,0.0,NaN,900,0.0,1.8,72.0
325,1.0,0.0,NaN,901,0.0,1.9,25.0
610,1.0,0.0,NaN,902,0.0,2.0,35.0
624,1.0,0.0,NaN,903,0.4,1.0,28.0
937,1.0,0.0,NaN,904,0.4,1.1,38.0
318,1.0,0.0,NaN,905,0.4,1.2,29.0
1369,1.0,0.0,NaN,906,0.4,1.3,53.0
2649,1.0,0.0,NaN,907,0.4,1.4,85.0
20000,0.898109243697479,0.10189075630252101,0.060725817757925106,908,0.4,1.5,24851.0
413,1.0,0.0,NaN,909,0.4,1.6,31.0
281,1.0,0.0,NaN,910,0.4,1.7,19.0
518,1.0,0.0,NaN,911,0.4,1.8,53.0
265,1.0,0.0,NaN,912,0.4,1.9,15.0
2137,1.0,0.0,NaN,913,0.4,2.0,73.0
1337,1.0,0.0,NaN,914,0.8,1.0,42.0
515,1.0,0.0,NaN,915,0.8,1.1,31.0
20000,0.9184254959898691,0.08157450401013086,0.06717956982276893,916,0.8,1.2,24605.0
363,1.0,0.0,NaN,917,0.8,1.3,17.0
337,1.0,0.0,NaN,918,0.8,1.4,13.0
20000,0.9138156176547402,0.08618438234525985,0.06582681306672655,919,0.8,1.5,24302.0
20000,0.9115592668452287,0.08844073315477129,0.06782618251303456,920,0.8,1.6,24804.0
677,1.0,0.0,NaN,921,0.8,1.7,22.0
320,1.0,0.0,NaN,922,0.8,1.8,17.0
427,1.0,0.0,NaN,923,0.8,1.9,23.0
20000,0.8880472829517415,0.11195271704825845,0.06447635110438228,924,0.8,2.0,26379.0
478,1.0,0.0,NaN,925,0.0,1.0,24.0
711,1.0,0.0,NaN,926,0.0,1.1,35.0
454,1.0,0.0,NaN,927,0.0,1.2,29.0
574,1.0,0.0,NaN,928,0.0,1.3,30.0
1362,1.0,0.0,NaN,929,0.0,1.4,63.0
774,1.0,0.0,NaN,930,0.0,1.5,23.0
1433,1.0,0.0,NaN,931,0.0,1.6,92.0
499,1.0,0.0,NaN,932,0.0,1.7,27.0
149,1.0,0.0,NaN,933,0.0,1.8,15.0
352,1.0,0.0,NaN,934,0.0,1.9,20.0
847,1.0,0.0,NaN,935,0.0,2.0,48.0
1204,1.0,0.0,NaN,936,0.4,1.0,40.0
2346,1.0,0.0,NaN,937,0.4,1.1,128.0
440,1.0,0.0,NaN,938,0.4,1.2,15.0
20000,0.8960593946316391,0.10394060536836093,0.05992977760230339,939,0.4,1.3,24842.0
1067,1.0,0.0,NaN,940,0.4,1.4,59.0
1113,1.0,0.0,NaN,941,0.4,1.5,48.0
378,1.0,0.0,NaN,942,0.4,1.6,18.0
325,1.0,0.0,NaN,943,0.4,1.7,23.0
440,1.0,0.0,NaN,944,0.4,1.8,28.0
889,1.0,0.0,NaN,945,0.4,1.9,36.0
276,1.0,0.0,NaN,946,0.4,2.0,18.0
20000,0.9184962881061444,0.08150371189385563,0.06977055570774586,947,0.8,1.0,24616.0
285,1.0,0.0,NaN,948,0.8,1.1,17.0
20000,0.9193499545775714,0.08065004542242858,0.07108694682243615,949,0.8,1.2,23973.0
347,1.0,0.0,NaN,950,0.8,1.3,18.0
299,1.0,0.0,NaN,951,0.8,1.4,18.0
403,1.0,0.0,NaN,952,0.8,1.5,21.0
667,1.0,0.0,NaN,953,0.8,1.6,50.0
20000,0.9182463253928028,0.08175367460719717,0.06802095160148283,954,0.8,1.7,23732.0
20000,0.9153441879637263,0.0846558120362737,0.07146151915746676,955,0.8,1.8,24344.0
1660,1.0,0.0,NaN,956,0.8,1.9,67.0
20000,0.906477536270967,0.09352246372903296,0.06533144356412193,957,0.8,2.0,25374.0
173,1.0,0.0,NaN,958,0.0,1.0,15.0
478,1.0,0.0,NaN,959,0.0,1.1,15.0
323,1.0,0.0,NaN,960,0.0,1.2,21.0
441,1.0,0.0,NaN,961,0.0,1.3,42.0
183,1.0,0.0,NaN,962,0.0,1.4,17.0
414,1.0,0.0,NaN,963,0.0,1.5,26.0
891,1.0,0.0,NaN,964,0.0,1.6,53.0
603,1.0,0.0,NaN,965,0.0,1.7,28.0
546,1.0,0.0,NaN,966,0.0,1.8,34.0
398,1.0,0.0,NaN,967,0.0,1.9,19.0
1771,1.0,0.0,NaN,968,0.0,2.0,49.0
661,1.0,0.0,NaN,969,0.4,1.0,33.0
936,1.0,0.0,NaN,970,0.4,1.1,33.0
20000,0.8932723358449947,0.10672766415500538,0.06071049923404547,971,0.4,1.2,25343.0
371,1.0,0.0,NaN,972,0.4,1.3,22.0
1548,1.0,0.0,NaN,973,0.4,1.4,111.0
20000,0.8979132020814334,0.1020867979185666,0.05865728479432927,974,0.4,1.5,24853.0
911,1.0,0.0,NaN,975,0.4,1.6,34.0
442,1.0,0.0,NaN,976,0.4,1.7,21.0
951,1.0,0.0,NaN,977,0.4,1.8,54.0
394,1.0,0.0,NaN,978,0.4,1.9,17.0
186,1.0,0.0,NaN,979,0.4,2.0,10.0
633,1.0,0.0,NaN,980,0.8,1.0,22.0
294,1.0,0.0,NaN,981,0.8,1.1,18.0
20000,0.9176397322123618,0.08236026778763818,0.0679741940228106,982,0.8,1.2,24103.0
20000,0.8698231538505,0.13017684614949998,0.06412816772022559,983,0.8,1.3,26447.0
468,1.0,0.0,NaN,984,0.8,1.4,24.0
20000,0.9161752988047809,0.08382470119521912,0.06374488054036302,985,0.8,1.5,24574.0
767,1.0,0.0,NaN,986,0.8,1.6,30.0
471,1.0,0.0,NaN,987,0.8,1.7,31.0
960,1.0,0.0,NaN,988,0.8,1.8,39.0
20000,0.9134944453219607,0.08650555467803928,0.07206290248068384,989,0.8,1.9,24802.0
20000,0.9310664128813211,0.06893358711867895,0.062256208710934784,990,0.8,2.0,24086.0
317,1.0,0.0,NaN,991,0.0,1.0,24.0
826,1.0,0.0,NaN,992,0.0,1.1,44.0
529,1.0,0.0,NaN,993,0.0,1.2,23.0
622,1.0,0.0,NaN,994,0.0,1.3,44.0
165,1.0,0.0,NaN,995,0.0,1.4,14.0
384,1.0,0.0,NaN,996,0.0,1.5,14.0
638,1.0,0.0,NaN,997,0.0,1.6,48.0
754,1.0,0.0,NaN,998,0.0,1.7,38.0
540,1.0,0.0,NaN,999,0.0,1.8,44.0
416,1.0,0.0,NaN,1000,0.0,1.9,29.0
584,1.0,0.0,NaN,1001,0.0,2.0,37.0
286,1.0,0.0,NaN,1002,0.4,1.0,15.0
321,1.0,0.0,NaN,1003,0.4,1.1,13.0
537,1.0,0.0,NaN,1004,0.4,1.2,21.0
20000,0.9043845203787567,0.09561547962124331,0.05919931303727559,1005,0.4,1.3,24123.0
336,1.0,0.0,NaN,1006,0.4,1.4,18.0
20000,0.9156077557839316,0.08439224421606845,0.062231365186514356,1007,0.4,1.5,23740.0
897,1.0,0.0,NaN,1008,0.4,1.6,38.0
949,1.0,0.0,NaN,1009,0.4,1.7,52.0
242,1.0,0.0,NaN,1010,0.4,1.8,17.0
382,1.0,0.0,NaN,1011,0.4,1.9,13.0
348,1.0,0.0,NaN,1012,0.4,2.0,13.0
354,1.0,0.0,NaN,1013,0.8,1.0,15.0
20000,0.9196350776485059,0.08036492235149403,0.06475536005467047,1014,0.8,1.1,23937.0
20000,0.9144110409757141,0.08558895902428587,0.06808970327939866,1015,0.8,1.2,24530.0
397,1.0,0.0,NaN,1016,0.8,1.3,17.0
20000,0.9281170164804889,0.0718829835195111,0.07185937755963127,1017,0.8,1.4,23284.0
20000,0.90061136350889,0.09938863649110999,0.0683453120448898,1018,0.8,1.5,25677.0
20000,0.9133490689745607,0.08665093102543929,0.06552428858445646,1019,0.8,1.6,24618.0
20000,0.9129881154499151,0.08701188455008489,0.0603742570426801,1020,0.8,1.7,24938.0
215,1.0,0.0,NaN,1021,0.8,1.8,10.0
545,1.0,0.0,NaN,1022,0.8,1.9,28.0
20000,0.9117239965140719,0.08827600348592812,0.06974282221085042,1023,0.8,2.0,24113.0
768,1.0,0.0,NaN,1024,0.0,1.0,43.0
773,1.0,0.0,NaN,1025,0.0,1.1,47.0
258,1.0,0.0,NaN,1026,0.0,1.2,18.0
709,1.0,0.0,NaN,1027,0.0,1.3,36.0
576,1.0,0.0,NaN,1028,0.0,1.4,29.0
955,1.0,0.0,NaN,1029,0.0,1.5,41.0
1212,1.0,0.0,NaN,1030,0.0,1.6,81.0
726,1.0,0.0,NaN,1031,0.0,1.7,56.0
958,1.0,0.0,NaN,1032,0.0,1.8,49.0
1321,1.0,0.0,NaN,1033,0.0,1.9,122.0
1281,1.0,0.0,NaN,1034,0.0,2.0,73.0
20000,0.9138405608932745,0.08615943910672552,0.06173725956412114,1035,0.4,1.0,24943.0
371,1.0,0.0,NaN,1036,0.4,1.1,25.0
20000,0.887899230525983,0.11210076947401708,0.06217196408340658,1037,0.4,1.2,25362.0
802,1.0,0.0,NaN,1038,0.4,1.3,53.0
320,1.0,0.0,NaN,1039,0.4,1.4,28.0
20000,0.9012424678718072,0.09875753212819283,0.06017339702412424,1040,0.4,1.5,25384.0
614,1.0,0.0,NaN,1041,0.4,1.6,27.0
184,1.0,0.0,NaN,1042,0.4,1.7,12.0
466,1.0,0.0,NaN,1043,0.4,1.8,22.0
2112,1.0,0.0,NaN,1044,0.4,1.9,61.0
537,1.0,0.0,NaN,1045,0.4,2.0,33.0
245,1.0,0.0,NaN,1046,0.8,1.0,14.0
475,1.0,0.0,NaN,1047,0.8,1.1,29.0
20000,0.8206291591046582,0.1793708408953418,0.07740217295157391,1048,0.8,1.2,25818.0
1258,1.0,0.0,NaN,1049,0.8,1.3,62.0
1088,1.0,0.0,NaN,1050,0.8,1.4,55.0
20000,0.9094942324755989,0.09050576752440107,0.07280733771399259,1051,0.8,1.5,24550.0
536,1.0,0.0,NaN,1052,0.8,1.6,29.0
754,1.0,0.0,NaN,1053,0.8,1.7,75.0
20000,0.909324483460015,0.09067551653998501,0.07002530978740758,1054,0.8,1.8,25334.0
1023,1.0,0.0,NaN,1055,0.8,1.9,37.0
733,1.0,0.0,NaN,1056,0.8,2.0,45.0
808,1.0,0.0,NaN,1057,0.0,1.0,54.0
974,1.0,0.0,NaN,1058,0.0,1.1,36.0
419,1.0,0.0,NaN,1059,0.0,1.2,20.0
1064,1.0,0.0,NaN,1060,0.0,1.3,79.0
237,1.0,0.0,NaN,1061,0.0,1.4,17.0
855,1.0,0.0,NaN,1062,0.0,1.5,50.0
652,1.0,0.0,NaN,1063,0.0,1.6,30.0
305,1.0,0.0,NaN,1064,0.0,1.7,17.0
789,1.0,0.0,NaN,1065,0.0,1.8,40.0
489,1.0,0.0,NaN,1066,0.0,1.9,28.0
731,1.0,0.0,NaN,1067,0.0,2.0,43.0
20000,0.9074736787511021,0.09252632124889788,0.061269823600541506,1068,0.4,1.0,24339.0
758,1.0,0.0,NaN,1069,0.4,1.1,27.0
2203,1.0,0.0,NaN,1070,0.4,1.2,69.0
687,1.0,0.0,NaN,1071,0.4,1.3,55.0
20000,0.894808032462803,0.10519196753719696,0.06476828528177865,1072,0.4,1.4,24952.0
932,1.0,0.0,NaN,1073,0.4,1.5,44.0
604,1.0,0.0,NaN,1074,0.4,1.6,22.0
648,1.0,0.0,NaN,1075,0.4,1.7,50.0
2201,1.0,0.0,NaN,1076,0.4,1.8,136.0
536,1.0,0.0,NaN,1077,0.4,1.9,37.0
1072,1.0,0.0,NaN,1078,0.4,2.0,51.0
20000,0.9163943778849645,0.08360562211503553,0.07154384682763802,1079,0.8,1.0,24131.0
471,1.0,0.0,NaN,1080,0.8,1.1,18.0
180,1.0,0.0,NaN,1081,0.8,1.2,14.0
20000,0.921689259645464,0.07831074035453597,0.06340277583953839,1082,0.8,1.3,24334.0
144,1.0,0.0,NaN,1083,0.8,1.4,14.0
571,1.0,0.0,NaN,1084,0.8,1.5,36.0
811,1.0,0.0,NaN,1085,0.8,1.6,60.0
1200,1.0,0.0,NaN,1086,0.8,1.7,59.0
1079,1.0,0.0,NaN,1087,0.8,1.8,32.0
20000,0.9225648759685892,0.0774351240314109,0.06962933866975751,1088,0.8,1.9,24556.0
921,1.0,0.0,NaN,1089,0.8,2.0,58.0
464,1.0,0.0,NaN,1090,0.0,1.0,27.0
181,1.0,0.0,NaN,1091,0.0,1.1,18.0
338,1.0,0.0,NaN,1092,0.0,1.2,20.0
751,1.0,0.0,NaN,1093,0.0,1.3,67.0
562,1.0,0.0,NaN,1094,0.0,1.4,33.0
604,1.0,0.0,NaN,1095,0.0,1.5,17.0
349,1.0,0.0,NaN,1096,0.0,1.6,25.0
636,1.0,0.0,NaN,1097,0.0,1.7,33.0
696,1.0,0.0,NaN,1098,0.0,1.8,18.0
1040,1.0,0.0,NaN,1099,0.0,1.9,59.0
238,1.0,0.0,NaN,1100,0.0,2.0,20.0
20000,0.9055237895399465,0.0944762104600535,0.06260218769330068,1101,0.4,1.0,24572.0
562,1.0,0.0,NaN,1102,0.4,1.1,27.0
20000,0.8861375548186972,0.11386244518130281,0.06688404320964385,1103,0.4,1.2,25231.0
20000,0.9041513399894903,0.09584866001050972,0.06054244648460592,1104,0.4,1.3,25088.0
514,1.0,0.0,NaN,1105,0.4,1.4,24.0
1519,1.0,0.0,NaN,1106,0.4,1.5,59.0
387,1.0,0.0,NaN,1107,0.4,1.6,25.0
319,1.0,0.0,NaN,1108,0.4,1.7,16.0
825,1.0,0.0,NaN,1109,0.4,1.8,40.0
799,1.0,0.0,NaN,1110,0.4,1.9,66.0
431,1.0,0.0,NaN,1111,0.4,2.0,19.0
1263,1.0,0.0,NaN,1112,0.8,1.0,43.0
1406,1.0,0.0,NaN,1113,0.8,1.1,43.0
1525,1.0,0.0,NaN,1114,0.8,1.2,59.0
314,1.0,0.0,NaN,1115,0.8,1.3,14.0
2186,1.0,0.0,NaN,1116,0.8,1.4,77.0
20000,0.9145425700687467,0.08545742993125331,0.06998135753470036,1117,0.8,1.5,24540.0
410,1.0,0.0,NaN,1118,0.8,1.6,30.0
785,1.0,0.0,NaN,1119,0.8,1.7,32.0
342,1.0,0.0,NaN,1120,0.8,1.8,30.0
613,1.0,0.0,NaN,1121,0.8,1.9,24.0
181,1.0,0.0,NaN,1122,0.8,2.0,17.0
856,1.0,0.0,NaN,1123,0.0,1.0,45.0
763,1.0,0.0,NaN,1124,0.0,1.1,24.0
311,1.0,0.0,NaN,1125,0.0,1.2,20.0
596,1.0,0.0,NaN,1126,0.0,1.3,45.0
503,1.0,0.0,NaN,1127,0.0,1.4,40.0
885,1.0,0.0,NaN,1128,0.0,1.5,29.0
305,1.0,0.0,NaN,1129,0.0,1.6,22.0
202,1.0,0.0,NaN,1130,0.0,1.7,16.0
528,1.0,0.0,NaN,1131,0.0,1.8,20.0
265,1.0,0.0,NaN,1132,0.0,1.9,21.0
293,1.0,0.0,NaN,1133,0.0,2.0,20.0
770,1.0,0.0,NaN,1134,0.4,1.0,30.0
714,1.0,0.0,NaN,1135,0.4,1.1,49.0
20000,0.8996536104449774,0.10034638955502265,0.06328897557240344,1136,0.4,1.2,25311.0
555,1.0,0.0,NaN,1137,0.4,1.3,33.0
394,1.0,0.0,NaN,1138,0.4,1.4,17.0
213,1.0,0.0,NaN,1139,0.4,1.5,17.0
470,1.0,0.0,NaN,1140,0.4,1.6,25.0
883,1.0,0.0,NaN,1141,0.4,1.7,42.0
257,1.0,0.0,NaN,1142,0.4,1.8,18.0
403,1.0,0.0,NaN,1143,0.4,1.9,33.0
379,1.0,0.0,NaN,1144,0.4,2.0,16.0
390,1.0,0.0,NaN,1145,0.8,1.0,26.0
20000,0.9152785908147517,0.08472140918524826,0.06674116425703214,1146,0.8,1.1,24644.0
20000,0.9196095466857465,0.0803904533142536,0.06616453396024148,1147,0.8,1.2,24126.0
20000,0.9194548342470666,0.08054516575293334,0.07040576601063213,1148,0.8,1.3,24041.0
20000,0.8968753390474123,0.10312466095258761,0.06476840844216586,1149,0.8,1.4,25571.0
20000,0.9021201033146793,0.09787989668532071,0.06605949956624198,1150,0.8,1.5,25424.0
358,1.0,0.0,NaN,1151,0.8,1.6,19.0
20000,0.9198070705464568,0.08019292945354323,0.06116038843544659,1152,0.8,1.7,24482.0
1055,1.0,0.0,NaN,1153,0.8,1.8,39.0
321,1.0,0.0,NaN,1154,0.8,1.9,19.0
20000,0.9070454301363978,0.09295456986360219,0.06819177377074427,1155,0.8,2.0,25064.0
252,1.0,0.0,NaN,1156,0.0,1.0,12.0
225,1.0,0.0,NaN,1157,0.0,1.1,18.0
1387,1.0,0.0,NaN,1158,0.0,1.2,110.0
618,1.0,0.0,NaN,1159,0.0,1.3,27.0
1346,1.0,0.0,NaN,1160,0.0,1.4,80.0
616,1.0,0.0,NaN,1161,0.0,1.5,23.0
354,1.0,0.0,NaN,1162,0.0,1.6,18.0
818,1.0,0.0,NaN,1163,0.0,1.7,20.0
599,1.0,0.0,NaN,1164,0.0,1.8,38.0
439,1.0,0.0,NaN,1165,0.0,1.9,28.0
503,1.0,0.0,NaN,1166,0.0,2.0,22.0
20000,0.9030599256656993,0.0969400743343007,0.06249295460473506,1167,0.4,1.0,24347.0
569,1.0,0.0,NaN,1168,0.4,1.1,25.0
20000,0.8996031320390432,0.10039686796095677,0.0638977034062721,1169,0.4,1.2,25045.0
20000,0.9090812420246703,0.09091875797532965,0.06008438090872055,1170,0.4,1.3,25045.0
386,1.0,0.0,NaN,1171,0.4,1.4,17.0
930,1.0,0.0,NaN,1172,0.4,1.5,32.0
1638,1.0,0.0,NaN,1173,0.4,1.6,112.0
1182,1.0,0.0,NaN,1174,0.4,1.7,59.0
893,1.0,0.0,NaN,1175,0.4,1.8,35.0
20000,0.8952526476632067,0.1047473523367933,0.06219529488318179,1176,0.4,1.9,25136.0
612,1.0,0.0,NaN,1177,0.4,2.0,31.0
376,1.0,0.0,NaN,1178,0.8,1.0,15.0
20000,0.8966973886328725,0.1033026113671275,0.06765924848329899,1179,0.8,1.1,25572.0
20000,0.9193539846438973,0.08064601535610273,0.0608667495896073,1180,0.8,1.2,24878.0
20000,0.9095564031558597,0.09044359684414023,0.06577851372360076,1181,0.8,1.3,24472.0
520,1.0,0.0,NaN,1182,0.8,1.4,20.0
624,1.0,0.0,NaN,1183,0.8,1.5,21.0
722,1.0,0.0,NaN,1184,0.8,1.6,33.0
353,1.0,0.0,NaN,1185,0.8,1.7,22.0
1257,1.0,0.0,NaN,1186,0.8,1.8,58.0
863,1.0,0.0,NaN,1187,0.8,1.9,52.0
674,1.0,0.0,NaN,1188,0.8,2.0,24.0
316,1.0,0.0,NaN,1189,0.0,1.0,19.0
121,1.0,0.0,NaN,1190,0.0,1.1,11.0
1684,1.0,0.0,NaN,1191,0.0,1.2,129.0
533,1.0,0.0,NaN,1192,0.0,1.3,30.0
447,1.0,0.0,NaN,1193,0.0,1.4,21.0
314,1.0,0.0,NaN,1194,0.0,1.5,19.0
449,1.0,0.0,NaN,1195,0.0,1.6,24.0
653,1.0,0.0,NaN,1196,0.0,1.7,41.0
526,1.0,0.0,NaN,1197,0.0,1.8,36.0
877,1.0,0.0,NaN,1198,0.0,1.9,62.0
324,1.0,0.0,NaN,1199,0.0,2.0,23.0
447,1.0,0.0,NaN,1200,0.4,1.0,20.0
924,1.0,0.0,NaN,1201,0.4,1.1,42.0
392,1.0,0.0,NaN,1202,0.4,1.2,42.0
20000,0.8998128842555466,0.10018711574445335,0.06518301343119988,1203,0.4,1.3,24978.0
20000,0.8865990111891752,0.11340098881082487,0.061899773745274174,1204,0.4,1.4,25276.0
274,1.0,0.0,NaN,1205,0.4,1.5,11.0
1207,1.0,0.0,NaN,1206,0.4,1.6,59.0
290,1.0,0.0,NaN,1207,0.4,1.7,19.0
828,1.0,0.0,NaN,1208,0.4,1.8,27.0
20000,0.8967931587386424,0.10320684126135757,0.060444198499275376,1209,0.4,1.9,25007.0
20000,0.8960638964293172,0.10393610357068281,0.0645100912885622,1210,0.4,2.0,24590.0
429,1.0,0.0,NaN,1211,0.8,1.0,21.0
1070,1.0,0.0,NaN,1212,0.8,1.1,23.0
20000,0.9155327890720879,0.08446721092791207,0.06504584958638712,1213,0.8,1.2,24344.0
685,1.0,0.0,NaN,1214,0.8,1.3,31.0
1514,1.0,0.0,NaN,1215,0.8,1.4,107.0
20000,0.9202472952086553,0.07975270479134466,0.06980353775709136,1216,0.8,1.5,23775.0
122,1.0,0.0,NaN,1217,0.8,1.6,12.0
1778,1.0,0.0,NaN,1218,0.8,1.7,89.0
20000,0.9194822746647261,0.08051772533527393,0.06961111420013676,1219,0.8,1.8,24277.0
197,1.0,0.0,NaN,1220,0.8,1.9,13.0
309,1.0,0.0,NaN,1221,0.8,2.0,22.0
839,1.0,0.0,NaN,1222,0.0,1.0,27.0
726,1.0,0.0,NaN,1223,0.0,1.1,23.0
329,1.0,0.0,NaN,1224,0.0,1.2,18.0
409,1.0,0.0,NaN,1225,0.0,1.3,17.0
974,1.0,0.0,NaN,1226,0.0,1.4,52.0
414,1.0,0.0,NaN,1227,0.0,1.5,20.0
829,1.0,0.0,NaN,1228,0.0,1.6,49.0
860,1.0,0.0,NaN,1229,0.0,1.7,39.0
835,1.0,0.0,NaN,1230,0.0,1.8,36.0
1117,1.0,0.0,NaN,1231,0.0,1.9,95.0
583,1.0,0.0,NaN,1232,0.0,2.0,28.0
329,1.0,0.0,NaN,1233,0.4,1.0,24.0
1883,1.0,0.0,NaN,1234,0.4,1.1,106.0
640,1.0,0.0,NaN,1235,0.4,1.2,50.0
776,1.0,0.0,NaN,1236,0.4,1.3,34.0
410,1.0,0.0,NaN,1237,0.4,1.4,20.0
165,1.0,0.0,NaN,1238,0.4,1.5,13.0
903,1.0,0.0,NaN,1239,0.4,1.6,75.0
507,1.0,0.0,NaN,1240,0.4,1.7,33.0
20000,0.8982274661925543,0.10177253380744572,0.05910070878027194,1241,0.4,1.8,25427.0
411,1.0,0.0,NaN,1242,0.4,1.9,17.0
803,1.0,0.0,NaN,1243,0.4,2.0,41.0
441,1.0,0.0,NaN,1244,0.8,1.0,15.0
1264,1.0,0.0,NaN,1245,0.8,1.1,53.0
378,1.0,0.0,NaN,1246,0.8,1.2,21.0
20000,0.9218010738397746,0.0781989261602254,0.06447069982391496,1247,0.8,1.3,24846.0
940,1.0,0.0,NaN,1248,0.8,1.4,89.0
611,1.0,0.0,NaN,1249,0.8,1.5,27.0
960,1.0,0.0,NaN,1250,0.8,1.6,68.0
260,1.0,0.0,NaN,1251,0.8,1.7,14.0
20000,0.9175340674812692,0.08246593251873083,0.0717133109618241,1252,0.8,1.8,23897.0
702,1.0,0.0,NaN,1253,0.8,1.9,55.0
733,1.0,0.0,NaN,1254,0.8,2.0,43.0
571,1.0,0.0,NaN,1255,0.0,1.0,41.0
724,1.0,0.0,NaN,1256,0.0,1.1,31.0
558,1.0,0.0,NaN,1257,0.0,1.2,22.0
577,1.0,0.0,NaN,1258,0.0,1.3,41.0
187,1.0,0.0,NaN,1259,0.0,1.4,15.0
1635,1.0,0.0,NaN,1260,0.0,1.5,118.0
585,1.0,0.0,NaN,1261,0.0,1.6,30.0
54,1.0,0.0,NaN,1262,0.0,1.7,10.0
672,1.0,0.0,NaN,1263,0.0,1.8,51.0
532,1.0,0.0,NaN,1264,0.0,1.9,27.0
1184,1.0,0.0,NaN,1265,0.0,2.0,65.0
777,1.0,0.0,NaN,1266,0.4,1.0,24.0
20000,0.8887796414112203,0.11122035858877964,0.0577409008140377,1267,0.4,1.1,26825.0
530,1.0,0.0,NaN,1268,0.4,1.2,23.0
20000,0.9021626655629139,0.09783733443708609,0.06059256687549416,1269,0.4,1.3,24783.0
395,1.0,0.0,NaN,1270,0.4,1.4,17.0
912,1.0,0.0,NaN,1271,0.4,1.5,76.0
506,1.0,0.0,NaN,1272,0.4,1.6,41.0
20000,0.8847996515679443,0.11520034843205575,0.0655483209136118,1273,0.4,1.7,25484.0
517,1.0,0.0,NaN,1274,0.4,1.8,30.0
1492,1.0,0.0,NaN,1275,0.4,1.9,62.0
160,1.0,0.0,NaN,1276,0.4,2.0,13.0
441,1.0,0.0,NaN,1277,0.8,1.0,29.0
279,1.0,0.0,NaN,1278,0.8,1.1,17.0
291,1.0,0.0,NaN,1279,0.8,1.2,17.0
20000,0.9192262781134183,0.08077372188658172,0.07183963161011493,1280,0.8,1.3,24205.0
171,1.0,0.0,NaN,1281,0.8,1.4,10.0
247,1.0,0.0,NaN,1282,0.8,1.5,14.0
118,1.0,0.0,NaN,1283,0.8,1.6,11.0
898,1.0,0.0,NaN,1284,0.8,1.7,83.0
20000,0.9209642966127556,0.07903570338724443,0.0650922523983693,1285,0.8,1.8,23896.0
474,1.0,0.0,NaN,1286,0.8,1.9,19.0
1644,1.0,0.0,NaN,1287,0.8,2.0,71.0
345,1.0,0.0,NaN,1288,0.0,1.0,15.0
281,1.0,0.0,NaN,1289,0.0,1.1,21.0
1372,1.0,0.0,NaN,1290,0.0,1.2,64.0
461,1.0,0.0,NaN,1291,0.0,1.3,23.0
1385,1.0,0.0,NaN,1292,0.0,1.4,124.0
1720,1.0,0.0,NaN,1293,0.0,1.5,55.0
546,1.0,0.0,NaN,1294,0.0,1.6,25.0
1180,1.0,0.0,NaN,1295,0.0,1.7,53.0
266,1.0,0.0,NaN,1296,0.0,1.8,15.0
601,1.0,0.0,NaN,1297,0.0,1.9,17.0
465,1.0,0.0,NaN,1298,0.0,2.0,31.0
967,1.0,0.0,NaN,1299,0.4,1.0,52.0
398,1.0,0.0,NaN,1300,0.4,1.1,19.0
452,1.0,0.0,NaN,1301,0.4,1.2,26.0
341,1.0,0.0,NaN,1302,0.4,1.3,18.0
650,1.0,0.0,NaN,1303,0.4,1.4,39.0
1285,1.0,0.0,NaN,1304,0.4,1.5,58.0
290,1.0,0.0,NaN,1305,0.4,1.6,14.0
416,1.0,0.0,NaN,1306,0.4,1.7,32.0
342,1.0,0.0,NaN,1307,0.4,1.8,23.0
699,1.0,0.0,NaN,1308,0.4,1.9,38.0
357,1.0,0.0,NaN,1309,0.4,2.0,18.0
476,1.0,0.0,NaN,1310,0.8,1.0,23.0
20000,0.9132520818397397,0.0867479181602603,0.06552172052066196,1311,0.8,1.1,25059.0
926,1.0,0.0,NaN,1312,0.8,1.2,54.0
20000,0.9184040258806614,0.08159597411933861,0.06575146731842871,1313,0.8,1.3,24095.0
380,1.0,0.0,NaN,1314,0.8,1.4,14.0
20000,0.8804767500419675,0.11952324995803257,0.06813281256425742,1315,0.8,1.5,26139.0
20000,0.918286707760392,0.08171329223960803,0.06563448499399216,1316,0.8,1.6,24589.0
634,1.0,0.0,NaN,1317,0.8,1.7,19.0
3007,1.0,0.0,NaN,1318,0.8,1.8,56.0
691,1.0,0.0,NaN,1319,0.8,1.9,36.0
20000,0.9247634550819005,0.0752365449180995,0.07020265303941547,1320,0.8,2.0,24006.0
382,1.0,0.0,NaN,1321,0.0,1.0,14.0
1662,1.0,0.0,NaN,1322,0.0,1.1,104.0
2026,1.0,0.0,NaN,1323,0.0,1.2,99.0
1909,1.0,0.0,NaN,1324,0.0,1.3,73.0
346,1.0,0.0,NaN,1325,0.0,1.4,26.0
300,1.0,0.0,NaN,1326,0.0,1.5,17.0
2033,1.0,0.0,NaN,1327,0.0,1.6,97.0
1067,1.0,0.0,NaN,1328,0.0,1.7,32.0
346,1.0,0.0,NaN,1329,0.0,1.8,17.0
681,1.0,0.0,NaN,1330,0.0,1.9,47.0
315,1.0,0.0,NaN,1331,0.0,2.0,14.0
20000,0.8952715086139185,0.10472849138608159,0.06197836403051338,1332,0.4,1.0,25063.0
20000,0.893390650188071,0.10660934981192907,0.06013932215885707,1333,0.4,1.1,25230.0
1078,1.0,0.0,NaN,1334,0.4,1.2,82.0
112,1.0,0.0,NaN,1335,0.4,1.3,11.0
569,1.0,0.0,NaN,1336,0.4,1.4,34.0
134,1.0,0.0,NaN,1337,0.4,1.5,10.0
543,1.0,0.0,NaN,1338,0.4,1.6,18.0
1254,1.0,0.0,NaN,1339,0.4,1.7,48.0
424,1.0,0.0,NaN,1340,0.4,1.8,20.0
480,1.0,0.0,NaN,1341,0.4,1.9,30.0
321,1.0,0.0,NaN,1342,0.4,2.0,27.0
20000,0.9213764231377954,0.07862357686220452,0.06583501936446169,1343,0.8,1.0,23855.0
224,1.0,0.0,NaN,1344,0.8,1.1,15.0
20000,0.9167304064045688,0.08326959359543114,0.06867859333754596,1345,0.8,1.2,23970.0
20000,0.916018583981416,0.08398141601858398,0.06349307736841554,1346,0.8,1.3,24091.0
20000,0.9196833168394187,0.08031668316058128,0.06733168982390753,1347,0.8,1.4,24106.0
958,1.0,0.0,NaN,1348,0.8,1.5,79.0
20000,0.9263544718677063,0.07364552813229379,0.06611118561215186,1349,0.8,1.6,23552.0
622,1.0,0.0,NaN,1350,0.8,1.7,30.0
228,1.0,0.0,NaN,1351,0.8,1.8,18.0
4780,1.0,0.0,NaN,1352,0.8,1.9,80.0
545,1.0,0.0,NaN,1353,0.8,2.0,17.0
337,1.0,0.0,NaN,1354,0.0,1.0,18.0
1840,1.0,0.0,NaN,1355,0.0,1.1,119.0
194,1.0,0.0,NaN,1356,0.0,1.2,13.0
886,1.0,0.0,NaN,1357,0.0,1.3,57.0
699,1.0,0.0,NaN,1358,0.0,1.4,61.0
502,1.0,0.0,NaN,1359,0.0,1.5,31.0
484,1.0,0.0,NaN,1360,0.0,1.6,25.0
2197,1.0,0.0,NaN,1361,0.0,1.7,224.0
1635,1.0,0.0,NaN,1362,0.0,1.8,96.0
1299,1.0,0.0,NaN,1363,0.0,1.9,72.0
1184,1.0,0.0,NaN,1364,0.0,2.0,50.0
475,1.0,0.0,NaN,1365,0.4,1.0,26.0
20000,0.8972638918233679,0.10273610817663216,0.057947025755955256,1366,0.4,1.1,25328.0
886,1.0,0.0,NaN,1367,0.4,1.2,40.0
1917,1.0,0.0,NaN,1368,0.4,1.3,87.0
269,1.0,0.0,NaN,1369,0.4,1.4,21.0
217,1.0,0.0,NaN,1370,0.4,1.5,12.0
471,1.0,0.0,NaN,1371,0.4,1.6,25.0
348,1.0,0.0,NaN,1372,0.4,1.7,20.0
702,1.0,0.0,NaN,1373,0.4,1.8,21.0
513,1.0,0.0,NaN,1374,0.4,1.9,30.0
672,1.0,0.0,NaN,1375,0.4,2.0,44.0
20000,0.9146116069071131,0.08538839309288694,0.06526938907691027,1376,0.8,1.0,24979.0
20000,0.9151612043698375,0.08483879563016254,0.06447499442752286,1377,0.8,1.1,24673.0
291,1.0,0.0,NaN,1378,0.8,1.2,25.0
20000,0.9249072470937423,0.07509275290625773,0.06905909153113664,1379,0.8,1.3,23370.0
20000,0.9138613861386139,0.08613861386138613,0.0713355718987362,1380,0.8,1.4,24512.0
1941,1.0,0.0,NaN,1381,0.8,1.5,67.0
436,1.0,0.0,NaN,1382,0.8,1.6,26.0
20000,0.9130882504376481,0.08691174956235197,0.06828576588100453,1383,0.8,1.7,24221.0
512,1.0,0.0,NaN,1384,0.8,1.8,48.0
20000,0.9196702251347638,0.08032977486523624,0.06764608332258266,1385,0.8,1.9,24310.0
1074,1.0,0.0,NaN,1386,0.8,2.0,39.0
859,1.0,0.0,NaN,1387,0.0,1.0,43.0
337,1.0,0.0,NaN,1388,0.0,1.1,28.0
1682,1.0,0.0,NaN,1389,0.0,1.2,85.0
663,1.0,0.0,NaN,1390,0.0,1.3,33.0
464,1.0,0.0,NaN,1391,0.0,1.4,23.0
486,1.0,0.0,NaN,1392,0.0,1.5,22.0
571,1.0,0.0,NaN,1393,0.0,1.6,37.0
1507,1.0,0.0,NaN,1394,0.0,1.7,83.0
1071,1.0,0.0,NaN,1395,0.0,1.8,50.0
789,1.0,0.0,NaN,1396,0.0,1.9,27.0
194,1.0,0.0,NaN,1397,0.0,2.0,13.0
20000,0.896232339089482,0.10376766091051805,0.06084747383161293,1398,0.4,1.0,25237.0
1059,1.0,0.0,NaN,1399,0.4,1.1,57.0
460,1.0,0.0,NaN,1400,0.4,1.2,24.0
278,1.0,0.0,NaN,1401,0.4,1.3,13.0
1135,1.0,0.0,NaN,1402,0.4,1.4,98.0
866,1.0,0.0,NaN,1403,0.4,1.5,67.0
739,1.0,0.0,NaN,1404,0.4,1.6,40.0
2039,1.0,0.0,NaN,1405,0.4,1.7,48.0
606,1.0,0.0,NaN,1406,0.4,1.8,34.0
193,1.0,0.0,NaN,1407,0.4,1.9,14.0
20000,0.9008372295313689,0.09916277046863108,0.06398872886595841,1408,0.4,2.0,25538.0
1175,1.0,0.0,NaN,1409,0.8,1.0,31.0
20000,0.9136202214330479,0.08637977856695216,0.06249555888693955,1410,0.8,1.1,24494.0
478,1.0,0.0,NaN,1411,0.8,1.2,25.0
1001,1.0,0.0,NaN,1412,0.8,1.3,35.0
20000,0.9118587224230991,0.0881412775769009,0.0684000127365458,1413,0.8,1.4,24461.0
244,1.0,0.0,NaN,1414,0.8,1.5,17.0
20000,0.9218303615407349,0.0781696384592651,0.06772571309298085,1415,0.8,1.6,23519.0
253,1.0,0.0,NaN,1416,0.8,1.7,15.0
20000,0.9146411885138327,0.08535881148616725,0.06499942769084428,1417,0.8,1.8,24517.0
413,1.0,0.0,NaN,1418,0.8,1.9,20.0
636,1.0,0.0,NaN,1419,0.8,2.0,27.0
824,1.0,0.0,NaN,1420,0.0,1.0,41.0
1037,1.0,0.0,NaN,1421,0.0,1.1,40.0
355,1.0,0.0,NaN,1422,0.0,1.2,28.0
651,1.0,0.0,NaN,1423,0.0,1.3,16.0
585,1.0,0.0,NaN,1424,0.0,1.4,36.0
584,1.0,0.0,NaN,1425,0.0,1.5,41.0
312,1.0,0.0,NaN,1426,0.0,1.6,20.0
959,1.0,0.0,NaN,1427,0.0,1.7,53.0
942,1.0,0.0,NaN,1428,0.0,1.8,31.0
734,1.0,0.0,NaN,1429,0.0,1.9,39.0
1369,1.0,0.0,NaN,1430,0.0,2.0,39.0
790,1.0,0.0,NaN,1431,0.4,1.0,37.0
183,1.0,0.0,NaN,1432,0.4,1.1,15.0
20000,0.9030286928799149,0.09697130712008502,0.06277722709474579,1433,0.4,1.2,24700.0
734,1.0,0.0,NaN,1434,0.4,1.3,47.0
20000,0.8928590222596432,0.10714097774035679,0.0640592283719697,1435,0.4,1.4,25040.0
916,1.0,0.0,NaN,1436,0.4,1.5,51.0
20000,0.9006562449981327,0.09934375500186736,0.06402314548104789,1437,0.4,1.6,25191.0
383,1.0,0.0,NaN,1438,0.4,1.7,13.0
20000,0.8967834607294927,0.10321653927050736,0.06774127664214277,1439,0.4,1.8,24659.0
92,1.0,0.0,NaN,1440,0.4,1.9,10.0
586,1.0,0.0,NaN,1441,0.4,2.0,35.0
709,1.0,0.0,NaN,1442,0.8,1.0,21.0
618,1.0,0.0,NaN,1443,0.8,1.1,35.0
981,1.0,0.0,NaN,1444,0.8,1.2,45.0
372,1.0,0.0,NaN,1445,0.8,1.3,16.0
20000,0.9217799319377127,0.0782200680622873,0.06520596958123756,1446,0.8,1.4,24558.0
310,1.0,0.0,NaN,1447,0.8,1.5,18.0
20000,0.9239107883817428,0.07608921161825725,0.07242989053697878,1448,0.8,1.6,24065.0
705,1.0,0.0,NaN,1449,0.8,1.7,29.0
20000,0.9063313096270599,0.09366869037294015,0.06243662210122661,1450,0.8,1.8,25572.0
357,1.0,0.0,NaN,1451,0.8,1.9,16.0
575,1.0,0.0,NaN,1452,0.8,2.0,21.0
687,1.0,0.0,NaN,1453,0.0,1.0,19.0
806,1.0,0.0,NaN,1454,0.0,1.1,38.0
688,1.0,0.0,NaN,1455,0.0,1.2,30.0
504,1.0,0.0,NaN,1456,0.0,1.3,31.0
2218,1.0,0.0,NaN,1457,0.0,1.4,115.0
969,1.0,0.0,NaN,1458,0.0,1.5,52.0
469,1.0,0.0,NaN,1459,0.0,1.6,20.0
777,1.0,0.0,NaN,1460,0.0,1.7,43.0
726,1.0,0.0,NaN,1461,0.0,1.8,23.0
806,1.0,0.0,NaN,1462,0.0,1.9,49.0
970,1.0,0.0,NaN,1463,0.0,2.0,50.0
956,1.0,0.0,NaN,1464,0.4,1.0,48.0
915,1.0,0.0,NaN,1465,0.4,1.1,41.0
20000,0.8982555102893555,0.10174448971064452,0.061855363488702,1466,0.4,1.2,24983.0
20000,0.902430120984564,0.09756987901543596,0.0630249544911881,1467,0.4,1.3,24372.0
20000,0.8934089681253377,0.10659103187466235,0.05981988738301261,1468,0.4,1.4,25734.0
451,1.0,0.0,NaN,1469,0.4,1.5,24.0
687,1.0,0.0,NaN,1470,0.4,1.6,45.0
981,1.0,0.0,NaN,1471,0.4,1.7,46.0
784,1.0,0.0,NaN,1472,0.4,1.8,40.0
20000,0.8911981766876492,0.10880182331235078,0.06064568166534419,1473,0.4,1.9,25689.0
20000,0.8982612662847873,0.10173873371521265,0.06068794339668641,1474,0.4,2.0,24501.0
1622,1.0,0.0,NaN,1475,0.8,1.0,50.0
1136,1.0,0.0,NaN,1476,0.8,1.1,56.0
20000,0.9163116090684341,0.08368839093156594,0.06801908922308242,1477,0.8,1.2,24439.0
300,1.0,0.0,NaN,1478,0.8,1.3,16.0
440,1.0,0.0,NaN,1479,0.8,1.4,35.0
20000,0.918229942951123,0.081770057048877,0.0642432019797653,1480,0.8,1.5,24487.0
20000,0.9233097880928355,0.07669021190716448,0.07469757137483035,1481,0.8,1.6,23762.0
20000,0.9207925914429096,0.07920740855709038,0.06531289699542411,1482,0.8,1.7,24275.0
20000,0.9095181503889369,0.09048184961106309,0.06466690556978652,1483,0.8,1.8,24939.0
20000,0.9171369933299128,0.08286300667008722,0.06651242098466872,1484,0.8,1.9,23883.0
316,1.0,0.0,NaN,1485,0.8,2.0,31.0
270,1.0,0.0,NaN,1486,0.0,1.0,14.0
1758,1.0,0.0,NaN,1487,0.0,1.1,104.0
344,1.0,0.0,NaN,1488,0.0,1.2,19.0
1142,1.0,0.0,NaN,1489,0.0,1.3,93.0
2209,1.0,0.0,NaN,1490,0.0,1.4,131.0
593,1.0,0.0,NaN,1491,0.0,1.5,19.0
375,1.0,0.0,NaN,1492,0.0,1.6,25.0
420,1.0,0.0,NaN,1493,0.0,1.7,32.0
341,1.0,0.0,NaN,1494,0.0,1.8,22.0
539,1.0,0.0,NaN,1495,0.0,1.9,27.0
726,1.0,0.0,NaN,1496,0.0,2.0,52.0
478,1.0,0.0,NaN,1497,0.4,1.0,11.0
20000,0.8920108695652174,0.10798913043478262,0.060872990194416665,1498,0.4,1.1,25749.0
204,1.0,0.0,NaN,1499,0.4,1.2,18.0
616,1.0,0.0,NaN,1500,0.4,1.3,26.0
2103,1.0,0.0,NaN,1501,0.4,1.4,84.0
20000,0.8888053287494628,0.11119467125053717,0.06210304730833943,1502,0.4,1.5,25070.0
425,1.0,0.0,NaN,1503,0.4,1.6,28.0
922,1.0,0.0,NaN,1504,0.4,1.7,40.0
300,1.0,0.0,NaN,1505,0.4,1.8,18.0
253,1.0,0.0,NaN,1506,0.4,1.9,16.0
2766,1.0,0.0,NaN,1507,0.4,2.0,61.0
270,1.0,0.0,NaN,1508,0.8,1.0,16.0
20000,0.9194872314552087,0.08051276854479124,0.06849147913336455,1509,0.8,1.1,23984.0
438,1.0,0.0,NaN,1510,0.8,1.2,21.0
602,1.0,0.0,NaN,1511,0.8,1.3,31.0
20000,0.9183548502321784,0.08164514976782161,0.057693765250698324,1512,0.8,1.4,24357.0
1052,1.0,0.0,NaN,1513,0.8,1.5,40.0
799,1.0,0.0,NaN,1514,0.8,1.6,27.0
482,1.0,0.0,NaN,1515,0.8,1.7,32.0
973,1.0,0.0,NaN,1516,0.8,1.8,37.0
1291,1.0,0.0,NaN,1517,0.8,1.9,75.0
20000,0.9164575491426181,0.08354245085738185,0.06668731116934372,1518,0.8,2.0,24465.0
480,1.0,0.0,NaN,1519,0.0,1.0,37.0
526,1.0,0.0,NaN,1520,0.0,1.1,19.0
1523,1.0,0.0,NaN,1521,0.0,1.2,115.0
775,1.0,0.0,NaN,1522,0.0,1.3,38.0
1059,1.0,0.0,NaN,1523,0.0,1.4,32.0
828,1.0,0.0,NaN,1524,0.0,1.5,55.0
1056,1.0,0.0,NaN,1525,0.0,1.6,56.0
428,1.0,0.0,NaN,1526,0.0,1.7,23.0
500,1.0,0.0,NaN,1527,0.0,1.8,21.0
453,1.0,0.0,NaN,1528,0.0,1.9,17.0
1038,1.0,0.0,NaN,1529,0.0,2.0,54.0
430,1.0,0.0,NaN,1530,0.4,1.0,35.0
398,1.0,0.0,NaN,1531,0.4,1.1,24.0
1001,1.0,0.0,NaN,1532,0.4,1.2,66.0
205,1.0,0.0,NaN,1533,0.4,1.3,16.0
1051,1.0,0.0,NaN,1534,0.4,1.4,53.0
304,1.0,0.0,NaN,1535,0.4,1.5,16.0
903,1.0,0.0,NaN,1536,0.4,1.6,75.0
807,1.0,0.0,NaN,1537,0.4,1.7,50.0
634,1.0,0.0,NaN,1538,0.4,1.8,60.0
20000,0.8951115834218916,0.10488841657810839,0.0581740435447302,1539,0.4,1.9,25364.0
251,1.0,0.0,NaN,1540,0.4,2.0,15.0
20000,0.9192369498729978,0.08076305012700223,0.06620065990711711,1541,0.8,1.0,24383.0
836,1.0,0.0,NaN,1542,0.8,1.1,42.0
285,1.0,0.0,NaN,1543,0.8,1.2,27.0
590,1.0,0.0,NaN,1544,0.8,1.3,34.0
20000,0.9239351946199307,0.0760648053800693,0.06676726886004544,1545,0.8,1.4,23611.0
20000,0.9104259239189335,0.08957407608106643,0.06561474283888984,1546,0.8,1.5,25185.0
20000,0.9122544723410837,0.08774552765891633,0.06403068655268074,1547,0.8,1.6,24306.0
169,1.0,0.0,NaN,1548,0.8,1.7,17.0
20000,0.9165545087483177,0.08344549125168237,0.061859879360408494,1549,0.8,1.8,24969.0
456,1.0,0.0,NaN,1550,0.8,1.9,24.0
20000,0.9177284882806355,0.08227151171936448,0.06322233750427474,1551,0.8,2.0,24540.0
1210,1.0,0.0,NaN,1552,0.0,1.0,49.0
2471,1.0,0.0,NaN,1553,0.0,1.1,118.0
480,1.0,0.0,NaN,1554,0.0,1.2,16.0
161,1.0,0.0,NaN,1555,0.0,1.3,15.0
569,1.0,0.0,NaN,1556,0.0,1.4,27.0
187,1.0,0.0,NaN,1557,0.0,1.5,15.0
498,1.0,0.0,NaN,1558,0.0,1.6,31.0
1000,1.0,0.0,NaN,1559,0.0,1.7,42.0
737,1.0,0.0,NaN,1560,0.0,1.8,23.0
749,1.0,0.0,NaN,1561,0.0,1.9,46.0
1423,1.0,0.0,NaN,1562,0.0,2.0,73.0
882,1.0,0.0,NaN,1563,0.4,1.0,71.0
1044,1.0,0.0,NaN,1564,0.4,1.1,62.0
202,1.0,0.0,NaN,1565,0.4,1.2,13.0
699,1.0,0.0,NaN,1566,0.4,1.3,39.0
20000,0.8922165193925604,0.10778348060743954,0.06228971214706406,1567,0.4,1.4,25236.0
211,1.0,0.0,NaN,1568,0.4,1.5,16.0
270,1.0,0.0,NaN,1569,0.4,1.6,17.0
627,1.0,0.0,NaN,1570,0.4,1.7,28.0
511,1.0,0.0,NaN,1571,0.4,1.8,30.0
20000,0.9028628251426178,0.09713717485738212,0.06683237481690926,1572,0.4,1.9,25054.0
20000,0.890729680602441,0.10927031939755907,0.0632153695992034,1573,0.4,2.0,24637.0
3715,1.0,0.0,NaN,1574,0.8,1.0,80.0
326,1.0,0.0,NaN,1575,0.8,1.1,20.0
953,1.0,0.0,NaN,1576,0.8,1.2,41.0
482,1.0,0.0,NaN,1577,0.8,1.3,29.0
20000,0.9172431462977197,0.0827568537022803,0.0665247517016481,1578,0.8,1.4,24151.0
20000,0.9195830605770683,0.08041693942293167,0.07030763760789756,1579,0.8,1.5,23748.0
441,1.0,0.0,NaN,1580,0.8,1.6,24.0
20000,0.9114330874604847,0.08856691253951528,0.0655259106931679,1581,0.8,1.7,24922.0
201,1.0,0.0,NaN,1582,0.8,1.8,13.0
20000,0.9191635136517027,0.08083648634829738,0.06752080804386579,1583,0.8,1.9,23959.0
20000,0.837321135350692,0.162678864649308,0.10776126890053656,1584,0.8,2.0,20701.0
470,1.0,0.0,NaN,1585,0.0,1.0,30.0
520,1.0,0.0,NaN,1586,0.0,1.1,27.0
220,1.0,0.0,NaN,1587,0.0,1.2,15.0
1803,1.0,0.0,NaN,1588,0.0,1.3,108.0
323,1.0,0.0,NaN,1589,0.0,1.4,21.0
414,1.0,0.0,NaN,1590,0.0,1.5,25.0
1276,1.0,0.0,NaN,1591,0.0,1.6,98.0
637,1.0,0.0,NaN,1592,0.0,1.7,27.0
1087,1.0,0.0,NaN,1593,0.0,1.8,34.0
822,1.0,0.0,NaN,1594,0.0,1.9,34.0
537,1.0,0.0,NaN,1595,0.0,2.0,21.0
360,1.0,0.0,NaN,1596,0.4,1.0,20.0
473,1.0,0.0,NaN,1597,0.4,1.1,26.0
1052,1.0,0.0,NaN,1598,0.4,1.2,27.0
529,1.0,0.0,NaN,1599,0.4,1.3,30.0
553,1.0,0.0,NaN,1600,0.4,1.4,16.0
601,1.0,0.0,NaN,1601,0.4,1.5,27.0
481,1.0,0.0,NaN,1602,0.4,1.6,30.0
20000,0.8971106813786828,0.10288931862131726,0.05627912091530958,1603,0.4,1.7,26236.0
926,1.0,0.0,NaN,1604,0.4,1.8,43.0
20000,0.9021958205155405,0.09780417948445953,0.060610915871868246,1605,0.4,1.9,24762.0
20000,0.9003204954098539,0.09967950459014613,0.06009031842572781,1606,0.4,2.0,25863.0
20000,0.9265830529213827,0.07341694707861732,0.06427180536040726,1607,0.8,1.0,23511.0
1209,1.0,0.0,NaN,1608,0.8,1.1,39.0
821,1.0,0.0,NaN,1609,0.8,1.2,40.0
1007,1.0,0.0,NaN,1610,0.8,1.3,48.0
3647,1.0,0.0,NaN,1611,0.8,1.4,26.0
711,1.0,0.0,NaN,1612,0.8,1.5,33.0
557,1.0,0.0,NaN,1613,0.8,1.6,29.0
292,1.0,0.0,NaN,1614,0.8,1.7,18.0
336,1.0,0.0,NaN,1615,0.8,1.8,24.0
650,1.0,0.0,NaN,1616,0.8,1.9,27.0
143,1.0,0.0,NaN,1617,0.8,2.0,14.0
1322,1.0,0.0,NaN,1618,0.0,1.0,147.0
435,1.0,0.0,NaN,1619,0.0,1.1,36.0
1703,1.0,0.0,NaN,1620,0.0,1.2,87.0
297,1.0,0.0,NaN,1621,0.0,1.3,16.0
1156,1.0,0.0,NaN,1622,0.0,1.4,130.0
891,1.0,0.0,NaN,1623,0.0,1.5,47.0
722,1.0,0.0,NaN,1624,0.0,1.6,30.0
345,1.0,0.0,NaN,1625,0.0,1.7,14.0
235,1.0,0.0,NaN,1626,0.0,1.8,15.0
328,1.0,0.0,NaN,1627,0.0,1.9,18.0
1201,1.0,0.0,NaN,1628,0.0,2.0,65.0
20000,0.9077382511657149,0.09226174883428512,0.060465311259102456,1629,0.4,1.0,24506.0
920,1.0,0.0,NaN,1630,0.4,1.1,48.0
750,1.0,0.0,NaN,1631,0.4,1.2,27.0
446,1.0,0.0,NaN,1632,0.4,1.3,20.0
517,1.0,0.0,NaN,1633,0.4,1.4,21.0
429,1.0,0.0,NaN,1634,0.4,1.5,27.0
2442,1.0,0.0,NaN,1635,0.4,1.6,151.0
20000,0.895356822143574,0.10464317785642596,0.06001612607194966,1636,0.4,1.7,24614.0
301,1.0,0.0,NaN,1637,0.4,1.8,21.0
142,1.0,0.0,NaN,1638,0.4,1.9,13.0
1258,1.0,0.0,NaN,1639,0.4,2.0,81.0
6958,1.0,0.0,NaN,1640,0.8,1.0,46.0
20000,0.9218237704918033,0.07817622950819672,0.07086697088111311,1641,0.8,1.1,24001.0
561,1.0,0.0,NaN,1642,0.8,1.2,19.0
20000,0.9216332741567335,0.07836672584326655,0.06541489339624959,1643,0.8,1.3,23735.0
20000,0.916735028712059,0.08326497128794094,0.07296051563139608,1644,0.8,1.4,23876.0
193,1.0,0.0,NaN,1645,0.8,1.5,11.0
435,1.0,0.0,NaN,1646,0.8,1.6,28.0
2591,1.0,0.0,NaN,1647,0.8,1.7,34.0
320,1.0,0.0,NaN,1648,0.8,1.8,26.0
1219,1.0,0.0,NaN,1649,0.8,1.9,70.0
20000,0.9243587047939444,0.0756412952060555,0.06441129499486864,1650,0.8,2.0,24159.0
